,Indicador,IndicadorDetalhe,Data,DataReferencia,Media,Mediana,Minimo,Maximo,numeroRespondentes
0,Balança comercial,Exportações,2023-03-24,2023,329.7278,330.0,299.7,374.7,11
1,Balança comercial,Exportações,2023-03-24,2024,335.0084,342.0,287.2,382.0,9
2,Balança comercial,Exportações,2023-03-24,2025,338.8428,344.145,301.6,366.6669,6
3,Balança comercial,Exportações,2023-03-24,2026,348.5629,347.7888,316.6,375.0,6
4,Balança comercial,Exportações,2023-03-24,2027,353.7989,344.8977,332.5,392.9,4
5,Balança comercial,Exportações,2023-03-24,2023,326.9795,327.2,299.7,374.7,28
6,Balança comercial,Exportações,2023-03-24,2024,331.8421,332.1,285.6,382.0,26
7,Balança comercial,Exportações,2023-03-24,2025,342.0351,350.0,271.3,378.12,15
8,Balança comercial,Exportações,2023-03-24,2026,351.7798,355.0,271.3,387.8,15
9,Balança comercial,Exportações,2023-03-24,2027,359.6658,365.0,271.3,395.0,13
10,Balança comercial,Importações,2023-03-24,2023,274.7017,273.0,244.22,317.0,11
11,Balança comercial,Importações,2023-03-24,2024,278.0671,280.0,238.4,320.2,9
12,Balança comercial,Importações,2023-03-24,2025,279.6814,281.76,250.3,299.2683,6
13,Balança comercial,Importações,2023-03-24,2026,293.2619,295.05,262.8,315.0,6
14,Balança comercial,Importações,2023-03-24,2027,305.0274,306.1548,276.0,331.8,4
15,Balança comercial,Importações,2023-03-24,2023,273.7717,273.3592,240.0,317.0,28
16,Balança comercial,Importações,2023-03-24,2024,279.4994,282.1771,235.0,320.74,26
17,Balança comercial,Importações,2023-03-24,2025,287.0192,290.0,228.3,330.2,15
18,Balança comercial,Importações,2023-03-24,2026,297.2661,303.2,228.3,345.0,15
19,Balança comercial,Importações,2023-03-24,2027,307.0607,315.0,228.3,360.0,13
20,Balança comercial,Saldo,2023-03-24,2023,55.0261,57.7,32.0,68.0,11
21,Balança comercial,Saldo,2023-03-24,2024,56.9413,57.95,44.0,68.0,9
22,Balança comercial,Saldo,2023-03-24,2025,59.1614,59.885,50.0,67.3986,6
23,Balança comercial,Saldo,2023-03-24,2026,55.301,56.9,27.766,76.14,6
24,Balança comercial,Saldo,2023-03-24,2027,48.7715,53.25,27.4859,61.1,4
25,Balança comercial,Saldo,2023-03-24,2023,53.3385,55.0,32.0,76.7,29
26,Balança comercial,Saldo,2023-03-24,2024,52.3428,52.44,29.49,89.0,26
27,Balança comercial,Saldo,2023-03-24,2025,55.0159,55.0,35.0,78.0,15
28,Balança comercial,Saldo,2023-03-24,2026,54.5137,53.8,27.766,86.0,15
29,Balança comercial,Saldo,2023-03-24,2027,52.6051,50.0,27.4859,90.0,13
30,Conta corrente,,2023-03-24,2023,-52.9778,-51.8,-63.3,-45.0,9
31,Conta corrente,,2023-03-24,2024,-50.5875,-52.55,-59.4,-40.0,8
32,Conta corrente,,2023-03-24,2025,-44.16,-40.0,-54.5,-35.9,5
33,Conta corrente,,2023-03-24,2026,-42.52,-43.1,-57.0,-27.5,5
34,Conta corrente,,2023-03-24,2027,-52.0,-52.0,-59.0,-45.0,2
35,Conta corrente,,2023-03-24,2023,-49.5961,-50.4,-63.3,-30.3,29
36,Conta corrente,,2023-03-24,2024,-51.1388,-51.3935,-68.6,-25.0,28
37,Conta corrente,,2023-03-24,2025,-50.7594,-50.2,-72.9,-30.0,18
38,Conta corrente,,2023-03-24,2026,-50.9818,-46.78,-72.9,-23.0,17
39,Conta corrente,,2023-03-24,2027,-55.9669,-59.0,-73.89,-25.0,13
40,Resultado primário,,2023-03-24,2023,-1.135,-1.03,-2.0,-0.7,16
41,Resultado primário,,2023-03-24,2024,-0.6467,-0.75,-1.1,0.6,15
42,Resultado primário,,2023-03-24,2025,-0.0355,0.0,-1.1,1.1,11
43,Resultado primário,,2023-03-24,2026,0.012,-0.14,-0.4,1.0,10
44,Resultado primário,,2023-03-24,2027,-0.0289,0.0,-1.0,1.5,9
45,Resultado primário,,2023-03-24,2028,0.44,0.4,-0.48,2.0,8
46,Resultado primário,,2023-03-24,2029,0.575,0.45,-0.5,2.0,8
47,Resultado primário,,2023-03-24,2030,0.7125,0.65,-0.5,2.0,8
48,Resultado primário,,2023-03-24,2031,0.6714,0.7,-0.5,2.0,7
49,Resultado primário,,2023-03-24,2032,1.0667,1.1,0.8,1.3,3
50,Resultado primário,,2023-03-24,2023,-1.0163,-1.0218,-2.0,1.4,42
51,Resultado primário,,2023-03-24,2024,-0.7428,-0.8,-1.7,1.0,38
52,Resultado primário,,2023-03-24,2025,-0.4197,-0.5,-1.7718,1.1,27
53,Resultado primário,,2023-03-24,2026,-0.2973,-0.275,-1.5661,1.0,24
54,Resultado primário,,2023-03-24,2027,-0.1966,0.0,-2.0,1.5,23
55,Resultado primário,,2023-03-24,2028,0.0451,0.06,-1.09,2.0,20
56,Resultado primário,,2023-03-24,2029,0.1688,0.21,-1.16,2.0,20
57,Resultado primário,,2023-03-24,2030,0.2229,0.02,-1.22,2.0,19
58,Resultado primário,,2023-03-24,2031,0.2813,0.02,-1.26,2.0,17
59,Resultado primário,,2023-03-24,2032,0.5808,0.8,-1.0,1.8,11
60,PIB Agropecuária,,2023-03-24,2023,8.4839,8.0,4.6,13.5131,16
61,PIB Agropecuária,,2023-03-24,2024,2.7334,2.5,-0.62,8.9536,13
62,PIB Agropecuária,,2023-03-24,2025,3.269,3.0,2.0,6.4895,10
63,PIB Agropecuária,,2023-03-24,2026,3.2058,3.0,2.0,6.3576,10
64,PIB Agropecuária,,2023-03-24,2027,2.66,2.9,2.0,3.0,5
65,PIB Agropecuária,,2023-03-24,2023,6.9881,7.13,1.7,13.5131,35
66,PIB Agropecuária,,2023-03-24,2024,2.3927,2.5,-0.62,8.9536,29
67,PIB Agropecuária,,2023-03-24,2025,2.8017,3.0,1.0,6.4895,19
68,PIB Agropecuária,,2023-03-24,2026,2.945,3.0,1.2,6.3576,19
69,PIB Agropecuária,,2023-03-24,2027,2.4608,2.565,1.5,3.0,12
70,PIB Indústria,,2023-03-24,2023,-0.1754,0.3,-2.2,1.0237,16
71,PIB Indústria,,2023-03-24,2024,0.9158,1.0,-1.4,2.0,13
72,PIB Indústria,,2023-03-24,2025,1.725,1.8,0.8,3.0,10
73,PIB Indústria,,2023-03-24,2026,1.9466,2.0,1.0,3.0,10
74,PIB Indústria,,2023-03-24,2027,1.8,1.9,1.0,2.4,5
75,PIB Indústria,,2023-03-24,2023,0.0509,0.3,-2.2,1.3,35
76,PIB Indústria,,2023-03-24,2024,1.0427,1.0,-1.4,2.186,29
77,PIB Indústria,,2023-03-24,2025,1.6692,1.5,0.8,3.0,19
78,PIB Indústria,,2023-03-24,2026,1.8454,1.7,1.0,3.0,19
79,PIB Indústria,,2023-03-24,2027,1.7203,1.7,1.0,2.643,12
80,PIB Serviços,,2023-03-24,2023,0.9969,0.85,-0.2392,2.0,16
81,PIB Serviços,,2023-03-24,2024,1.4766,1.5,0.8,2.25,13
82,PIB Serviços,,2023-03-24,2025,1.5183,1.6,-0.9069,3.0,10
83,PIB Serviços,,2023-03-24,2026,2.0258,1.95,1.4,3.0,10
84,PIB Serviços,,2023-03-24,2027,1.84,1.8,1.5,2.4,5
85,PIB Serviços,,2023-03-24,2023,0.9359,0.8,-0.2392,2.5,35
86,PIB Serviços,,2023-03-24,2024,1.3728,1.5,-0.83,2.25,29
87,PIB Serviços,,2023-03-24,2025,1.4781,1.5,-0.9069,3.0,19
88,PIB Serviços,,2023-03-24,2026,1.905,1.94,1.0,3.0,19
89,PIB Serviços,,2023-03-24,2027,1.8663,1.9975,1.3,2.5,12
90,PIB Total,,2023-03-24,2023,0.9627,0.9786,-0.3368,1.8218,54
91,PIB Total,,2023-03-24,2024,1.2072,1.247,-0.35,2.0,49
92,PIB Total,,2023-03-24,2025,1.7113,1.7,0.5,3.0,39
93,PIB Total,,2023-03-24,2026,1.7921,1.65,0.5,3.0,38
94,PIB Total,,2023-03-24,2027,1.8089,1.6,1.0,3.0,28
95,PIB Total,,2023-03-24,2023,0.8677,0.9,-0.4166,1.8218,109
96,PIB Total,,2023-03-24,2024,1.2734,1.4,-0.9552,2.501,98
97,PIB Total,,2023-03-24,2025,1.7399,1.71,0.0,3.0,76
98,PIB Total,,2023-03-24,2026,1.8197,1.775,0.5,3.0,74
99,PIB Total,,2023-03-24,2027,1.8616,1.9,1.0,3.0,49
100,IPCA Administrados,,2023-03-24,2023,9.7284,9.6402,6.5471,12.7691,64
101,IPCA Administrados,,2023-03-24,2024,4.7001,4.494,1.323,8.0984,56
102,IPCA Administrados,,2023-03-24,2025,3.9889,4.0,0.59,6.5,38
103,IPCA Administrados,,2023-03-24,2026,3.9326,4.0,1.61,5.5,35
104,IPCA Administrados,,2023-03-24,2027,3.9162,4.0,2.23,5.0,34
105,IPCA Administrados,,2023-03-24,2023,9.4737,9.48,6.0,12.7691,99
106,IPCA Administrados,,2023-03-24,2024,4.6485,4.4004,1.323,8.0984,82
107,IPCA Administrados,,2023-03-24,2025,4.0313,4.0,0.59,8.34,52
108,IPCA Administrados,,2023-03-24,2026,3.8585,4.0,1.61,5.5,48
109,IPCA Administrados,,2023-03-24,2027,3.8321,4.0,2.23,5.0,47
110,Investimento direto no país,,2023-03-24,2023,78.825,80.0,70.0,90.6,8
111,Investimento direto no país,,2023-03-24,2024,75.7143,80.0,60.0,80.0,7
112,Investimento direto no país,,2023-03-24,2025,79.78,80.0,65.9,88.0,5
113,Investimento direto no país,,2023-03-24,2026,80.56,80.0,67.8,90.0,5
114,Investimento direto no país,,2023-03-24,2027,77.3333,80.0,72.0,80.0,3
115,Investimento direto no país,,2023-03-24,2023,78.4048,80.0,70.0,99.0,25
116,Investimento direto no país,,2023-03-24,2024,77.4729,80.0,60.0,102.0,24
117,Investimento direto no país,,2023-03-24,2025,80.6263,80.0,65.9,104.0,16
118,Investimento direto no país,,2023-03-24,2026,80.4267,80.0,65.0,105.0,15
119,Investimento direto no país,,2023-03-24,2027,80.0162,80.0,65.0,105.0,13
120,Resultado nominal,,2023-03-24,2023,-7.1243,-7.7,-8.5,-5.7,7
121,Resultado nominal,,2023-03-24,2024,-6.8083,-7.1,-7.5,-5.5,6
122,Resultado nominal,,2023-03-24,2025,-6.014,-6.2,-7.1,-4.77,5
123,Resultado nominal,,2023-03-24,2026,-6.0875,-6.2,-7.1,-4.85,4
124,Resultado nominal,,2023-03-24,2027,-5.5133,-4.84,-7.1,-4.6,3
125,Resultado nominal,,2023-03-24,2028,-5.58,-5.04,-7.4,-4.3,3
126,Resultado nominal,,2023-03-24,2029,-5.61,-5.03,-7.7,-4.1,3
127,Resultado nominal,,2023-03-24,2030,-5.33,-4.99,-7.2,-3.8,3
128,Resultado nominal,,2023-03-24,2031,-5.04,-4.92,-6.7,-3.5,3
129,Resultado nominal,,2023-03-24,2032,-3.0,-3.0,-3.0,-3.0,1
130,Resultado nominal,,2023-03-24,2023,-7.8315,-7.8,-10.7,-5.6,29
131,Resultado nominal,,2023-03-24,2024,-7.3044,-7.4,-9.8,-4.7,26
132,Resultado nominal,,2023-03-24,2025,-6.4247,-6.4,-10.0,-3.1,19
133,Resultado nominal,,2023-03-24,2026,-6.0953,-6.0,-9.6,-2.9,16
134,Resultado nominal,,2023-03-24,2027,-5.8675,-5.5,-8.0,-2.7,15
135,Resultado nominal,,2023-03-24,2028,-5.5725,-5.3,-8.0,-2.4,13
136,Resultado nominal,,2023-03-24,2029,-5.4398,-5.03,-8.3,-2.2,13
137,Resultado nominal,,2023-03-24,2030,-5.2684,-5.0,-8.6,-2.0,13
138,Resultado nominal,,2023-03-24,2031,-4.8288,-4.96,-6.8,-1.7,12
139,Resultado nominal,,2023-03-24,2032,-4.4975,-4.7,-6.8,-1.5,10
140,Dívida líquida do setor público,,2023-03-24,2023,61.3789,61.3,60.3,63.0,9
141,Dívida líquida do setor público,,2023-03-24,2024,64.6575,64.75,62.29,66.37,8
142,Dívida líquida do setor público,,2023-03-24,2025,67.2729,67.8,63.42,69.0,7
143,Dívida líquida do setor público,,2023-03-24,2026,69.5757,70.0,64.94,72.5,7
144,Dívida líquida do setor público,,2023-03-24,2027,71.5533,71.2,67.12,76.0,6
145,Dívida líquida do setor público,,2023-03-24,2028,73.355,72.05,69.43,79.5,6
146,Dívida líquida do setor público,,2023-03-24,2029,74.9667,73.32,69.16,82.7,6
147,Dívida líquida do setor público,,2023-03-24,2030,76.435,74.86,68.29,85.8,6
148,Dívida líquida do setor público,,2023-03-24,2031,79.612,76.0,70.5,88.8,5
149,Dívida líquida do setor público,,2023-03-24,2032,79.3,76.0,70.3,91.6,3
150,Dívida líquida do setor público,,2023-03-24,2023,61.1446,61.0,58.0,64.5,28
151,Dívida líquida do setor público,,2023-03-24,2024,64.4489,64.5,60.2,69.4,25
152,Dívida líquida do setor público,,2023-03-24,2025,66.7272,66.9,62.3,72.4,20
153,Dívida líquida do setor público,,2023-03-24,2026,68.6488,68.3,63.7,75.0,17
154,Dívida líquida do setor público,,2023-03-24,2027,70.1638,69.7,64.5,76.6,16
155,Dívida líquida do setor público,,2023-03-24,2028,71.522,71.0,63.0,79.5,15
156,Dívida líquida do setor público,,2023-03-24,2029,72.6133,72.0,60.0,82.7,15
157,Dívida líquida do setor público,,2023-03-24,2030,73.8007,73.72,60.0,85.8,15
158,Dívida líquida do setor público,,2023-03-24,2031,74.8186,75.83,58.0,88.8,14
159,Dívida líquida do setor público,,2023-03-24,2032,73.0545,74.0,57.0,91.6,11
160,Dívida bruta do governo geral,,2023-03-24,2023,77.39,77.2,75.35,80.0,15
161,Dívida bruta do governo geral,,2023-03-24,2024,80.6129,80.4,77.74,85.2,14
162,Dívida bruta do governo geral,,2023-03-24,2025,82.433,81.95,78.43,90.8,10
163,Dívida bruta do governo geral,,2023-03-24,2026,84.24,82.92,79.51,95.8,9
164,Dívida bruta do governo geral,,2023-03-24,2027,85.2513,83.21,78.5,99.9,8
165,Dívida bruta do governo geral,,2023-03-24,2028,87.2017,86.28,78.0,102.6,6
166,Dívida bruta do governo geral,,2023-03-24,2029,88.1983,88.185,77.5,104.4,6
167,Dívida bruta do governo geral,,2023-03-24,2030,88.95,89.885,77.0,105.5,6
168,Dívida bruta do governo geral,,2023-03-24,2031,92.166,94.6,76.0,106.1,5
169,Dívida bruta do governo geral,,2023-03-24,2032,101.1,101.1,96.0,106.2,2
170,Dívida bruta do governo geral,,2023-03-24,2023,77.9904,77.7,75.0,83.19,42
171,Dívida bruta do governo geral,,2023-03-24,2024,81.2679,80.85,77.74,89.0,38
172,Dívida bruta do governo geral,,2023-03-24,2025,83.1705,82.165,78.43,90.8,30
173,Dívida bruta do governo geral,,2023-03-24,2026,85.0874,84.7,79.0,95.8,27
174,Dívida bruta do governo geral,,2023-03-24,2027,86.3735,85.6,78.5,99.9,26
175,Dívida bruta do governo geral,,2023-03-24,2028,88.429,88.0,78.0,102.6,21
176,Dívida bruta do governo geral,,2023-03-24,2029,89.8195,90.05,77.5,104.4,20
177,Dívida bruta do governo geral,,2023-03-24,2030,90.625,91.3,77.0,105.5,20
178,Dívida bruta do governo geral,,2023-03-24,2031,91.2488,92.0,76.0,106.3,17
179,Dívida bruta do governo geral,,2023-03-24,2032,90.85,90.75,75.0,106.2,12
180,IGP-M,,2023-03-24,2023,3.7341,3.8283,-1.0006,5.46,44
181,IGP-M,,2023-03-24,2024,4.4121,4.19,3.0,9.59,38
182,IGP-M,,2023-03-24,2025,4.1659,4.0,3.0,6.0,33
183,IGP-M,,2023-03-24,2026,4.0125,4.0,2.79,5.4,32
184,IGP-M,,2023-03-24,2027,3.9673,4.0,2.58,5.5,28
185,IGP-M,,2023-03-24,2023,3.8709,4.0,-1.0006,6.0,79
186,IGP-M,,2023-03-24,2024,4.2896,4.2,2.5,9.59,66
187,IGP-M,,2023-03-24,2025,4.1016,4.0,3.0,6.0,56
188,IGP-M,,2023-03-24,2026,4.0214,4.0,2.79,6.0,54
189,IGP-M,,2023-03-24,2027,3.9694,4.0,2.58,5.5,49
190,IPCA,,2023-03-24,2023,5.9514,5.9559,4.7696,6.9721,93
191,IPCA,,2023-03-24,2024,4.2547,4.1772,3.1,5.88,89
192,IPCA,,2023-03-24,2025,3.9883,4.0,2.0,5.7,79
193,IPCA,,2023-03-24,2026,3.9072,4.0,2.0,5.52,75
194,IPCA,,2023-03-24,2027,3.991,4.0,3.0,5.5,66
195,IPCA,,2023-03-24,2023,5.9281,5.9337,4.7696,6.9721,149
196,IPCA,,2023-03-24,2024,4.1922,4.1283,3.1,5.88,142
197,IPCA,,2023-03-24,2025,3.9108,4.0,2.0,5.7,119
198,IPCA,,2023-03-24,2026,3.8582,4.0,2.0,5.52,110
199,IPCA,,2023-03-24,2027,3.9018,4.0,3.0,5.5,97
200,Selic,,2023-03-24,2023,12.7468,12.75,10.75,13.75,77
201,Selic,,2023-03-24,2024,10.2862,10.0,7.75,13.75,76
202,Selic,,2023-03-24,2025,8.9921,9.0,6.0,11.0,63
203,Selic,,2023-03-24,2026,8.8559,9.0,5.0,11.0,59
204,Selic,,2023-03-24,2027,8.9657,9.0,5.0,11.0,51
205,Selic,,2023-03-24,2023,12.7361,12.75,10.75,13.75,139
206,Selic,,2023-03-24,2024,10.1607,10.0,7.75,13.75,133
207,Selic,,2023-03-24,2025,8.9487,9.0,6.0,11.0,108
208,Selic,,2023-03-24,2026,8.7917,9.0,5.0,11.0,101
209,Selic,,2023-03-24,2027,8.755,9.0,5.0,11.0,93
210,Câmbio,,2023-03-24,2023,5.2413,5.25,4.9,5.5,63
211,Câmbio,,2023-03-24,2024,5.2956,5.3,4.5,6.04,61
212,Câmbio,,2023-03-24,2025,5.3149,5.35,4.0,5.94,45
213,Câmbio,,2023-03-24,2026,5.3701,5.418,4.0,6.11,43
214,Câmbio,,2023-03-24,2027,5.4065,5.472,4.0,6.25,39
215,Câmbio,,2023-03-24,2023,5.2277,5.25,4.5,5.6,116
216,Câmbio,,2023-03-24,2024,5.2677,5.3,4.5,6.04,109
217,Câmbio,,2023-03-24,2025,5.2945,5.3,4.0,6.15,80
218,Câmbio,,2023-03-24,2026,5.3376,5.4,4.0,6.5,77
219,Câmbio,,2023-03-24,2027,5.3503,5.4,4.0,6.5,72
220,Taxa de desocupação,,2023-03-24,2023,8.8478,8.8,7.28,10.5,36
221,Taxa de desocupação,,2023-03-24,2024,9.1292,9.05,7.7,11.5,30
222,Taxa de desocupação,,2023-03-24,2025,9.0546,9.0,7.6,10.5,28
223,Taxa de desocupação,,2023-03-24,2026,9.0007,9.0,7.0,10.5,28
224,Taxa de desocupação,,2023-03-24,2027,8.9515,9.0,7.5,10.5,24
225,Taxa de desocupação,,2023-03-24,2023,8.7693,8.7,7.28,10.5,60
226,Taxa de desocupação,,2023-03-24,2024,8.9937,9.0,7.5,11.5,47
227,Taxa de desocupação,,2023-03-24,2025,8.9341,9.0,6.8,10.5,41
228,Taxa de desocupação,,2023-03-24,2026,8.8745,9.0,6.1,10.5,40
229,Taxa de desocupação,,2023-03-24,2027,8.803,9.0,6.0,10.5,36
230,PIB Despesa de consumo da administração pública,,2023-03-24,2023,1.2732,1.0,0.1,3.5048,11
231,PIB Despesa de consumo da administração pública,,2023-03-24,2024,1.0762,1.2,-0.6,2.5859,9
232,PIB Despesa de consumo da administração pública,,2023-03-24,2025,1.3233,1.1,-0.3,4.51,9
233,PIB Despesa de consumo da administração pública,,2023-03-24,2026,1.0547,1.1,0.5,2.0,9
234,PIB Despesa de consumo da administração pública,,2023-03-24,2027,1.04,1.1,0.4,2.0,5
235,PIB Despesa de consumo da administração pública,,2023-03-24,2023,1.2186,1.05,0.1,3.5048,26
236,PIB Despesa de consumo da administração pública,,2023-03-24,2024,1.2272,1.3,-0.6,3.7,23
237,PIB Despesa de consumo da administração pública,,2023-03-24,2025,1.5207,1.7,-0.3,4.51,15
238,PIB Despesa de consumo da administração pública,,2023-03-24,2026,1.3573,1.35,0.5,2.31,14
239,PIB Despesa de consumo da administração pública,,2023-03-24,2027,1.3111,1.4,0.4,2.0,9
240,PIB Formação Bruta de Capital Fixo,,2023-03-24,2023,0.6288,0.5,-1.2,2.817,11
241,PIB Formação Bruta de Capital Fixo,,2023-03-24,2024,1.7081,1.0,-0.6272,5.0,9
242,PIB Formação Bruta de Capital Fixo,,2023-03-24,2025,3.028,2.4,1.0,6.0521,9
243,PIB Formação Bruta de Capital Fixo,,2023-03-24,2026,2.698,2.4,1.0,5.0,9
244,PIB Formação Bruta de Capital Fixo,,2023-03-24,2027,2.44,2.4,1.0,3.8,5
245,PIB Formação Bruta de Capital Fixo,,2023-03-24,2023,0.3549,0.5,-3.7,2.817,26
246,PIB Formação Bruta de Capital Fixo,,2023-03-24,2024,1.5736,1.7,-2.6,5.0,23
247,PIB Formação Bruta de Capital Fixo,,2023-03-24,2025,2.3681,2.1,-0.4,6.0521,15
248,PIB Formação Bruta de Capital Fixo,,2023-03-24,2026,2.5395,2.3,1.0,5.0,14
249,PIB Formação Bruta de Capital Fixo,,2023-03-24,2027,2.0444,2.0,1.0,3.8,9
250,PIB Exportação de bens e serviços,,2023-03-24,2023,3.1013,2.5,-0.6,6.5,11
251,PIB Exportação de bens e serviços,,2023-03-24,2024,3.0413,3.0,1.6,4.5,9
252,PIB Exportação de bens e serviços,,2023-03-24,2025,2.738,2.8,-0.8,5.5,9
253,PIB Exportação de bens e serviços,,2023-03-24,2026,3.4027,3.1,2.0,5.5,9
254,PIB Exportação de bens e serviços,,2023-03-24,2027,3.14,3.0,2.0,4.2,5
255,PIB Exportação de bens e serviços,,2023-03-24,2023,2.6799,2.5,-2.0,6.5,26
256,PIB Exportação de bens e serviços,,2023-03-24,2024,2.9208,2.9,1.6,4.5,23
257,PIB Exportação de bens e serviços,,2023-03-24,2025,2.5578,2.5,-0.8,5.5,15
258,PIB Exportação de bens e serviços,,2023-03-24,2026,3.1438,3.0446,2.0,5.5,14
259,PIB Exportação de bens e serviços,,2023-03-24,2027,2.8,2.5,2.0,4.2,9
260,PIB Importação de bens e serviços,,2023-03-24,2023,3.9919,1.5,-2.3,17.5108,11
261,PIB Importação de bens e serviços,,2023-03-24,2024,4.3952,2.1,-1.1,18.4569,9
262,PIB Importação de bens e serviços,,2023-03-24,2025,3.7918,3.0,0.7,8.3261,9
263,PIB Importação de bens e serviços,,2023-03-24,2026,3.3188,3.1,0.4,8.2,9
264,PIB Importação de bens e serviços,,2023-03-24,2027,3.5,2.4,1.0,8.2,5
265,PIB Importação de bens e serviços,,2023-03-24,2023,2.8639,1.85,-3.8,17.5108,26
266,PIB Importação de bens e serviços,,2023-03-24,2024,3.5813,2.9,-1.1,18.4569,23
267,PIB Importação de bens e serviços,,2023-03-24,2025,3.7525,3.2,0.7,8.3261,15
268,PIB Importação de bens e serviços,,2023-03-24,2026,3.4934,3.4348,0.4,8.2,14
269,PIB Importação de bens e serviços,,2023-03-24,2027,3.0556,2.4,1.0,8.2,9
270,IPCA Livres,,2023-03-24,2023,4.6845,4.7175,3.2644,5.7546,57
271,IPCA Livres,,2023-03-24,2024,4.0345,3.9895,2.346,5.6296,49
272,IPCA Livres,,2023-03-24,2025,3.7642,3.775,2.7,5.0,32
273,IPCA Livres,,2023-03-24,2026,3.784,3.72,2.7,5.0,30
274,IPCA Livres,,2023-03-24,2027,3.8092,3.85,2.7,5.0,26
275,IPCA Livres,,2023-03-24,2023,4.7621,4.78,3.2644,6.1551,89
276,IPCA Livres,,2023-03-24,2024,4.0758,3.991,2.346,6.0,73
277,IPCA Livres,,2023-03-24,2025,3.7619,3.75,2.7,5.5,47
278,IPCA Livres,,2023-03-24,2026,3.7867,3.58,2.7,5.5,45
279,IPCA Livres,,2023-03-24,2027,3.7926,3.52,2.7,5.5,41
280,IPCA Serviços,,2023-03-24,2023,6.1747,6.1607,4.7,7.8128,57
281,IPCA Serviços,,2023-03-24,2024,4.8502,4.91,2.43,6.6903,49
282,IPCA Serviços,,2023-03-24,2025,4.1937,4.3,3.0,6.2,30
283,IPCA Serviços,,2023-03-24,2026,4.0979,4.12,3.0,5.42,29
284,IPCA Serviços,,2023-03-24,2027,4.06,4.0,3.0,5.42,27
285,IPCA Serviços,,2023-03-24,2023,6.1919,6.1813,4.5,7.8128,82
286,IPCA Serviços,,2023-03-24,2024,4.8485,4.8924,2.43,6.6903,66
287,IPCA Serviços,,2023-03-24,2025,4.2579,4.3,3.0,6.5,39
288,IPCA Serviços,,2023-03-24,2026,4.1487,4.06,3.0,6.5,38
289,IPCA Serviços,,2023-03-24,2027,4.1058,4.0,3.0,6.5,36
290,IPCA Bens industrializados,,2023-03-24,2023,3.6832,3.7717,2.0264,5.7223,54
291,IPCA Bens industrializados,,2023-03-24,2024,3.1566,3.0609,0.7323,6.37,45
292,IPCA Bens industrializados,,2023-03-24,2025,3.4176,3.5,1.5,4.9,29
293,IPCA Bens industrializados,,2023-03-24,2026,3.5236,3.5,2.0,4.9,28
294,IPCA Bens industrializados,,2023-03-24,2027,3.5388,3.5,2.1,4.9,26
295,IPCA Bens industrializados,,2023-03-24,2023,3.7179,3.7464,2.0264,6.0051,80
296,IPCA Bens industrializados,,2023-03-24,2024,3.1815,3.172,0.7323,6.37,64
297,IPCA Bens industrializados,,2023-03-24,2025,3.4648,3.5,1.5,5.5,39
298,IPCA Bens industrializados,,2023-03-24,2026,3.5387,3.5,2.0,5.5,38
299,IPCA Bens industrializados,,2023-03-24,2027,3.5338,3.5,2.1,5.5,36
300,IPCA Alimentação no domicílio,,2023-03-24,2023,3.1215,3.23,0.5368,5.1225,57
301,IPCA Alimentação no domicílio,,2023-03-24,2024,3.9191,3.9191,1.5,7.1788,47
302,IPCA Alimentação no domicílio,,2023-03-24,2025,3.701,3.8,1.9,5.0,31
303,IPCA Alimentação no domicílio,,2023-03-24,2026,3.7953,3.78,2.5,5.0,30
304,IPCA Alimentação no domicílio,,2023-03-24,2027,3.7761,3.66,2.5,5.0,28
305,IPCA Alimentação no domicílio,,2023-03-24,2023,3.3935,3.4286,0.5368,7.4121,82
306,IPCA Alimentação no domicílio,,2023-03-24,2024,4.0204,3.9191,1.5,8.4952,65
307,IPCA Alimentação no domicílio,,2023-03-24,2025,3.7692,3.81,1.9,6.0,40
308,IPCA Alimentação no domicílio,,2023-03-24,2026,3.8536,3.88,2.5,5.5,39
309,IPCA Alimentação no domicílio,,2023-03-24,2027,3.8097,3.7,2.5,5.5,35
310,PIB Despesa de consumo das famílias,,2023-03-24,2023,1.2484,1.0,0.4,4.3,11
311,PIB Despesa de consumo das famílias,,2023-03-24,2024,1.2762,1.4,0.6,2.0,9
312,PIB Despesa de consumo das famílias,,2023-03-24,2025,1.8326,1.6,1.4,3.0,9
313,PIB Despesa de consumo das famílias,,2023-03-24,2026,1.746,1.8,0.8,3.0,9
314,PIB Despesa de consumo das famílias,,2023-03-24,2027,1.92,1.8,1.5,2.5,5
315,PIB Despesa de consumo das famílias,,2023-03-24,2023,1.2045,1.0162,0.4,4.3,26
316,PIB Despesa de consumo das famílias,,2023-03-24,2024,1.4377,1.5,0.4,3.0,23
317,PIB Despesa de consumo das famílias,,2023-03-24,2025,1.725,1.6,0.4,3.0,15
318,PIB Despesa de consumo das famílias,,2023-03-24,2026,1.7933,1.8,0.8,3.0,14
319,PIB Despesa de consumo das famílias,,2023-03-24,2027,1.8667,1.8,1.5,2.5,9
320,Balança comercial,Exportações,2023-03-23,2023,332.3204,330.0,299.7,374.7,15
321,Balança comercial,Exportações,2023-03-23,2024,337.1674,342.0,287.2,382.0,13
322,Balança comercial,Exportações,2023-03-23,2025,341.8446,344.145,301.6,368.2,8
323,Balança comercial,Exportações,2023-03-23,2026,351.9347,347.7888,316.6,387.8,8
324,Balança comercial,Exportações,2023-03-23,2027,359.1826,348.6977,332.5,392.9,6
325,Balança comercial,Exportações,2023-03-23,2023,326.9795,327.2,299.7,374.7,28
326,Balança comercial,Exportações,2023-03-23,2024,331.8421,332.1,285.6,382.0,26
327,Balança comercial,Exportações,2023-03-23,2025,342.0351,350.0,271.3,378.12,15
328,Balança comercial,Exportações,2023-03-23,2026,351.7798,355.0,271.3,387.8,15
329,Balança comercial,Exportações,2023-03-23,2027,359.6658,365.0,271.3,395.0,13
330,Balança comercial,Importações,2023-03-23,2023,279.4812,275.5,244.22,317.0,15
331,Balança comercial,Importações,2023-03-23,2024,284.3542,286.0,238.4,320.2,13
332,Balança comercial,Importações,2023-03-23,2025,284.711,289.8,250.3,310.0,8
333,Balança comercial,Importações,2023-03-23,2026,297.1965,303.05,262.8,322.0,8
334,Balança comercial,Importações,2023-03-23,2027,310.1016,315.4048,276.0,332.0,6
335,Balança comercial,Importações,2023-03-23,2023,273.7717,273.3592,240.0,317.0,28
336,Balança comercial,Importações,2023-03-23,2024,279.4994,282.1771,235.0,320.74,26
337,Balança comercial,Importações,2023-03-23,2025,287.0192,290.0,228.3,330.2,15
338,Balança comercial,Importações,2023-03-23,2026,297.2661,303.2,228.3,345.0,15
339,Balança comercial,Importações,2023-03-23,2027,307.0607,315.0,228.3,360.0,13
340,Balança comercial,Saldo,2023-03-23,2023,52.8392,57.0,32.0,68.0,15
341,Balança comercial,Saldo,2023-03-23,2024,52.8132,56.0,30.0,68.0,13
342,Balança comercial,Saldo,2023-03-23,2025,57.1336,56.6,43.9,67.3986,8
343,Balança comercial,Saldo,2023-03-23,2026,54.7383,56.9,27.766,76.14,8
344,Balança comercial,Saldo,2023-03-23,2027,49.081,53.25,27.4859,61.1,6
345,Balança comercial,Saldo,2023-03-23,2023,53.3385,55.0,32.0,76.7,29
346,Balança comercial,Saldo,2023-03-23,2024,52.3428,52.44,29.49,89.0,26
347,Balança comercial,Saldo,2023-03-23,2025,55.0159,55.0,35.0,78.0,15
348,Balança comercial,Saldo,2023-03-23,2026,54.5137,53.8,27.766,86.0,15
349,Balança comercial,Saldo,2023-03-23,2027,52.6051,50.0,27.4859,90.0,13
350,Conta corrente,,2023-03-23,2023,-52.3991,-51.544,-63.3,-45.0,14
351,Conta corrente,,2023-03-23,2024,-53.6682,-55.0,-68.6,-40.0,13
352,Conta corrente,,2023-03-23,2025,-49.0075,-48.83,-67.0,-35.9,8
353,Conta corrente,,2023-03-23,2026,-48.5475,-45.89,-69.0,-27.5,8
354,Conta corrente,,2023-03-23,2027,-56.956,-59.0,-72.0,-45.0,5
355,Conta corrente,,2023-03-23,2023,-49.403,-50.0,-63.3,-30.3,29
356,Conta corrente,,2023-03-23,2024,-51.1495,-51.3935,-68.6,-25.0,28
357,Conta corrente,,2023-03-23,2025,-50.7594,-50.2,-72.9,-30.0,18
358,Conta corrente,,2023-03-23,2026,-50.9818,-46.78,-72.9,-23.0,17
359,Conta corrente,,2023-03-23,2027,-55.9669,-59.0,-73.89,-25.0,13
360,Resultado primário,,2023-03-23,2023,-1.0738,-1.0,-2.0,-0.41,24
361,Resultado primário,,2023-03-23,2024,-0.7543,-0.8,-1.7,0.6,23
362,Resultado primário,,2023-03-23,2025,-0.3271,-0.4,-1.6,1.1,17
363,Resultado primário,,2023-03-23,2026,-0.2294,-0.225,-1.4,1.0,16
364,Resultado primário,,2023-03-23,2027,-0.1507,0.0,-1.0,1.5,15
365,Resultado primário,,2023-03-23,2028,0.1736,0.25,-1.09,2.0,14
366,Resultado primário,,2023-03-23,2029,0.3314,0.45,-1.16,2.0,14
367,Resultado primário,,2023-03-23,2030,0.4843,0.65,-1.22,2.0,14
368,Resultado primário,,2023-03-23,2031,0.5867,0.85,-1.26,2.0,12
369,Resultado primário,,2023-03-23,2032,1.0571,1.1,-0.1,1.8,7
370,Resultado primário,,2023-03-23,2023,-1.0163,-1.0218,-2.0,1.4,42
371,Resultado primário,,2023-03-23,2024,-0.7454,-0.8,-1.7,1.0,38
372,Resultado primário,,2023-03-23,2025,-0.4197,-0.5,-1.7718,1.1,27
373,Resultado primário,,2023-03-23,2026,-0.2973,-0.275,-1.5661,1.0,24
374,Resultado primário,,2023-03-23,2027,-0.1966,0.0,-2.0,1.5,23
375,Resultado primário,,2023-03-23,2028,0.0451,0.06,-1.09,2.0,20
376,Resultado primário,,2023-03-23,2029,0.1688,0.21,-1.16,2.0,20
377,Resultado primário,,2023-03-23,2030,0.2229,0.02,-1.22,2.0,19
378,Resultado primário,,2023-03-23,2031,0.2813,0.02,-1.26,2.0,17
379,Resultado primário,,2023-03-23,2032,0.5808,0.8,-1.0,1.8,11
380,PIB Agropecuária,,2023-03-23,2023,7.9467,8.0,1.7,13.5131,19
381,PIB Agropecuária,,2023-03-23,2024,2.3336,2.3167,-0.66,8.9536,16
382,PIB Agropecuária,,2023-03-23,2025,2.9491,3.0,1.2,6.4895,12
383,PIB Agropecuária,,2023-03-23,2026,2.9965,3.0,1.2,6.3576,12
384,PIB Agropecuária,,2023-03-23,2027,2.4857,2.9,1.5,3.0,7
385,PIB Agropecuária,,2023-03-23,2023,6.9715,7.3,1.7,13.5131,35
386,PIB Agropecuária,,2023-03-23,2024,2.3879,2.5,-0.66,8.9536,29
387,PIB Agropecuária,,2023-03-23,2025,2.7964,3.0,1.0,6.4895,19
388,PIB Agropecuária,,2023-03-23,2026,2.9397,3.0,1.2,6.3576,19
389,PIB Agropecuária,,2023-03-23,2027,2.4664,2.73,1.5,3.0,11
390,PIB Indústria,,2023-03-23,2023,0.0093,0.3,-2.0,1.3,19
391,PIB Indústria,,2023-03-23,2024,0.8382,1.0,-1.4,2.0,16
392,PIB Indústria,,2023-03-23,2025,1.65,1.6,0.8,3.0,12
393,PIB Indústria,,2023-03-23,2026,1.8305,1.85,1.0,3.0,12
394,PIB Indústria,,2023-03-23,2027,1.6571,1.9,1.0,2.2,7
395,PIB Indústria,,2023-03-23,2023,0.0726,0.3,-2.0,1.3,35
396,PIB Indústria,,2023-03-23,2024,1.0334,1.0,-1.4,2.186,29
397,PIB Indústria,,2023-03-23,2025,1.6639,1.5,0.8,3.0,19
398,PIB Indústria,,2023-03-23,2026,1.8401,1.7,1.0,3.0,19
399,PIB Indústria,,2023-03-23,2027,1.6585,1.5,1.0,2.643,11
400,PIB Serviços,,2023-03-23,2023,1.0264,0.9,-0.2392,2.5,19
401,PIB Serviços,,2023-03-23,2024,1.3499,1.5,-0.83,2.13,16
402,PIB Serviços,,2023-03-23,2025,1.3903,1.6,-0.9069,3.0,12
403,PIB Serviços,,2023-03-23,2026,1.9465,1.95,1.4,3.0,12
404,PIB Serviços,,2023-03-23,2027,1.8286,2.0,1.5,2.0,7
405,PIB Serviços,,2023-03-23,2023,0.923,0.8,-0.2392,2.5,35
406,PIB Serviços,,2023-03-23,2024,1.3652,1.5,-0.83,2.2,29
407,PIB Serviços,,2023-03-23,2025,1.4728,1.5,-0.9069,3.0,19
408,PIB Serviços,,2023-03-23,2026,1.8997,1.94,1.0,3.0,19
409,PIB Serviços,,2023-03-23,2027,1.8177,1.995,1.3,2.5,11
410,PIB Total,,2023-03-23,2023,0.911,0.953,-0.359,1.7004,59
411,PIB Total,,2023-03-23,2024,1.1398,1.3033,-0.9552,2.501,54
412,PIB Total,,2023-03-23,2025,1.6657,1.605,0.0,3.0,42
413,PIB Total,,2023-03-23,2026,1.7366,1.5,0.5,3.0,41
414,PIB Total,,2023-03-23,2027,1.7517,1.5,1.0,3.0,30
415,PIB Total,,2023-03-23,2023,0.8736,0.8775,-0.4166,1.7004,108
416,PIB Total,,2023-03-23,2024,1.2756,1.425,-0.9552,2.501,96
417,PIB Total,,2023-03-23,2025,1.7356,1.7,0.0,3.0,75
418,PIB Total,,2023-03-23,2026,1.8088,1.75,0.5,3.0,73
419,PIB Total,,2023-03-23,2027,1.844,1.85,1.0,3.0,46
420,IPCA Administrados,,2023-03-23,2023,9.582,9.4865,6.5471,12.3549,74
421,IPCA Administrados,,2023-03-23,2024,4.7557,4.5931,1.323,8.0984,65
422,IPCA Administrados,,2023-03-23,2025,4.0743,4.0,0.59,8.34,44
423,IPCA Administrados,,2023-03-23,2026,3.9143,4.0,1.61,5.5,40
424,IPCA Administrados,,2023-03-23,2027,3.9173,4.0,2.23,5.0,38
425,IPCA Administrados,,2023-03-23,2023,9.3434,9.3854,6.0,12.3549,96
426,IPCA Administrados,,2023-03-23,2024,4.6479,4.488,1.323,8.0984,79
427,IPCA Administrados,,2023-03-23,2025,4.0298,4.0,0.59,8.34,52
428,IPCA Administrados,,2023-03-23,2026,3.8585,4.0,1.61,5.5,48
429,IPCA Administrados,,2023-03-23,2027,3.8502,4.0,2.23,5.0,46
430,Investimento direto no país,,2023-03-23,2023,78.1231,80.0,70.0,90.6,13
431,Investimento direto no país,,2023-03-23,2024,77.2358,80.0,60.0,85.0,12
432,Investimento direto no país,,2023-03-23,2025,77.9,80.0,65.9,88.0,8
433,Investimento direto no país,,2023-03-23,2026,78.1625,80.0,65.0,90.0,8
434,Investimento direto no país,,2023-03-23,2027,76.4167,76.0,65.0,91.5,6
435,Investimento direto no país,,2023-03-23,2023,78.4048,80.0,70.0,99.0,25
436,Investimento direto no país,,2023-03-23,2024,77.4729,80.0,60.0,102.0,24
437,Investimento direto no país,,2023-03-23,2025,80.6263,80.0,65.9,104.0,16
438,Investimento direto no país,,2023-03-23,2026,80.4267,80.0,65.0,105.0,15
439,Investimento direto no país,,2023-03-23,2027,80.0162,80.0,65.0,105.0,13
440,Resultado nominal,,2023-03-23,2023,-7.6621,-7.85,-9.9,-5.6,14
441,Resultado nominal,,2023-03-23,2024,-7.2808,-7.3,-9.8,-4.7,13
442,Resultado nominal,,2023-03-23,2025,-6.407,-6.65,-10.0,-3.1,10
443,Resultado nominal,,2023-03-23,2026,-6.1944,-6.0,-9.6,-2.9,9
444,Resultado nominal,,2023-03-23,2027,-5.5925,-4.97,-8.0,-2.7,8
445,Resultado nominal,,2023-03-23,2028,-5.4425,-4.87,-8.0,-2.4,8
446,Resultado nominal,,2023-03-23,2029,-5.3163,-4.865,-8.3,-2.2,8
447,Resultado nominal,,2023-03-23,2030,-5.0738,-4.845,-8.6,-2.0,8
448,Resultado nominal,,2023-03-23,2031,-4.3457,-4.6,-6.7,-1.7,7
449,Resultado nominal,,2023-03-23,2032,-3.56,-3.7,-5.0,-1.5,5
450,Resultado nominal,,2023-03-23,2023,-7.8315,-7.8,-10.7,-5.6,29
451,Resultado nominal,,2023-03-23,2024,-7.3044,-7.4,-9.8,-4.7,26
452,Resultado nominal,,2023-03-23,2025,-6.4247,-6.4,-10.0,-3.1,19
453,Resultado nominal,,2023-03-23,2026,-6.0953,-6.0,-9.6,-2.9,16
454,Resultado nominal,,2023-03-23,2027,-5.8675,-5.5,-8.0,-2.7,15
455,Resultado nominal,,2023-03-23,2028,-5.5725,-5.3,-8.0,-2.4,13
456,Resultado nominal,,2023-03-23,2029,-5.4398,-5.03,-8.3,-2.2,13
457,Resultado nominal,,2023-03-23,2030,-5.2684,-5.0,-8.6,-2.0,13
458,Resultado nominal,,2023-03-23,2031,-4.8288,-4.96,-6.8,-1.7,12
459,Resultado nominal,,2023-03-23,2032,-4.4975,-4.7,-6.8,-1.5,10
460,Dívida líquida do setor público,,2023-03-23,2023,61.4607,61.3,59.1,64.5,15
461,Dívida líquida do setor público,,2023-03-23,2024,64.6829,65.0,60.2,69.4,14
462,Dívida líquida do setor público,,2023-03-23,2025,67.0258,67.695,62.3,72.4,12
463,Dívida líquida do setor público,,2023-03-23,2026,69.2845,70.0,63.7,75.0,11
464,Dívida líquida do setor público,,2023-03-23,2027,70.992,71.2,64.5,76.6,10
465,Dívida líquida do setor público,,2023-03-23,2028,72.483,72.05,65.0,79.5,10
466,Dívida líquida do setor público,,2023-03-23,2029,73.78,73.32,65.7,82.7,10
467,Dívida líquida do setor público,,2023-03-23,2030,74.841,74.86,65.5,85.8,10
468,Dívida líquida do setor público,,2023-03-23,2031,76.5511,76.0,64.7,88.8,9
469,Dívida líquida do setor público,,2023-03-23,2032,75.0429,76.0,62.9,91.6,7
470,Dívida líquida do setor público,,2023-03-23,2023,61.1446,61.0,58.0,64.5,28
471,Dívida líquida do setor público,,2023-03-23,2024,64.4489,64.5,60.2,69.4,25
472,Dívida líquida do setor público,,2023-03-23,2025,66.7272,66.9,62.3,72.4,20
473,Dívida líquida do setor público,,2023-03-23,2026,68.6488,68.3,63.7,75.0,17
474,Dívida líquida do setor público,,2023-03-23,2027,70.1638,69.7,64.5,76.6,16
475,Dívida líquida do setor público,,2023-03-23,2028,71.522,71.0,63.0,79.5,15
476,Dívida líquida do setor público,,2023-03-23,2029,72.6133,72.0,60.0,82.7,15
477,Dívida líquida do setor público,,2023-03-23,2030,73.8007,73.72,60.0,85.8,15
478,Dívida líquida do setor público,,2023-03-23,2031,74.8186,75.83,58.0,88.8,14
479,Dívida líquida do setor público,,2023-03-23,2032,73.0545,74.0,57.0,91.6,11
480,Dívida bruta do governo geral,,2023-03-23,2023,77.4439,77.3,75.41,80.0,23
481,Dívida bruta do governo geral,,2023-03-23,2024,80.8223,80.6,77.74,85.2,22
482,Dívida bruta do governo geral,,2023-03-23,2025,83.3406,82.15,78.43,90.8,18
483,Dívida bruta do governo geral,,2023-03-23,2026,85.6006,84.8,79.51,95.8,17
484,Dívida bruta do governo geral,,2023-03-23,2027,87.365,86.375,78.5,99.9,16
485,Dívida bruta do governo geral,,2023-03-23,2028,89.3221,88.7,78.0,102.6,14
486,Dívida bruta do governo geral,,2023-03-23,2029,90.585,90.15,77.5,104.4,14
487,Dívida bruta do governo geral,,2023-03-23,2030,91.55,91.3,77.0,105.5,14
488,Dívida bruta do governo geral,,2023-03-23,2031,92.5027,92.0,76.0,106.3,11
489,Dívida bruta do governo geral,,2023-03-23,2032,93.1286,91.5,83.7,106.2,7
490,Dívida bruta do governo geral,,2023-03-23,2023,78.0013,77.7,75.0,83.19,42
491,Dívida bruta do governo geral,,2023-03-23,2024,81.2787,80.85,77.74,89.0,38
492,Dívida bruta do governo geral,,2023-03-23,2025,83.1605,82.165,78.43,90.8,30
493,Dívida bruta do governo geral,,2023-03-23,2026,85.1041,84.7,79.0,95.8,27
494,Dívida bruta do governo geral,,2023-03-23,2027,86.4208,85.625,78.5,99.9,26
495,Dívida bruta do governo geral,,2023-03-23,2028,88.429,88.0,78.0,102.6,21
496,Dívida bruta do governo geral,,2023-03-23,2029,89.8195,90.05,77.5,104.4,20
497,Dívida bruta do governo geral,,2023-03-23,2030,90.625,91.3,77.0,105.5,20
498,Dívida bruta do governo geral,,2023-03-23,2031,91.2488,92.0,76.0,106.3,17
499,Dívida bruta do governo geral,,2023-03-23,2032,90.85,90.75,75.0,106.2,12
500,IGP-M,,2023-03-23,2023,3.9135,4.0,2.5785,6.08,53
501,IGP-M,,2023-03-23,2024,4.4167,4.2808,2.5,9.59,44
502,IGP-M,,2023-03-23,2025,4.183,4.0,3.0,6.0,40
503,IGP-M,,2023-03-23,2026,4.0416,4.0,2.79,5.5,39
504,IGP-M,,2023-03-23,2027,3.9972,4.0,2.58,5.5,35
505,IGP-M,,2023-03-23,2023,3.9507,4.0118,2.5785,6.08,77
506,IGP-M,,2023-03-23,2024,4.3001,4.2,2.5,9.59,65
507,IGP-M,,2023-03-23,2025,4.1016,4.0,3.0,6.0,56
508,IGP-M,,2023-03-23,2026,4.0214,4.0,2.79,6.0,54
509,IGP-M,,2023-03-23,2027,3.9694,4.0,2.58,5.5,49
510,IPCA,,2023-03-23,2023,5.9574,5.9961,4.7696,7.0784,95
511,IPCA,,2023-03-23,2024,4.204,4.1483,3.1,5.8189,92
512,IPCA,,2023-03-23,2025,3.9195,4.0,2.0,5.63,81
513,IPCA,,2023-03-23,2026,3.8504,4.0,2.0,5.52,77
514,IPCA,,2023-03-23,2027,3.9331,4.0,3.0,5.5,67
515,IPCA,,2023-03-23,2023,5.9322,5.9545,4.7696,7.0784,145
516,IPCA,,2023-03-23,2024,4.1738,4.0763,3.1,5.8189,138
517,IPCA,,2023-03-23,2025,3.8805,3.9,2.0,5.63,116
518,IPCA,,2023-03-23,2026,3.8365,4.0,2.0,5.52,107
519,IPCA,,2023-03-23,2027,3.8814,4.0,3.0,5.5,94
520,Selic,,2023-03-23,2023,12.6715,12.625,10.75,13.75,86
521,Selic,,2023-03-23,2024,10.1607,10.0,7.75,13.75,84
522,Selic,,2023-03-23,2025,8.9437,9.0,6.0,11.0,71
523,Selic,,2023-03-23,2026,8.7115,9.0,5.0,11.0,65
524,Selic,,2023-03-23,2027,8.7325,9.0,5.0,11.0,57
525,Selic,,2023-03-23,2023,12.7284,12.75,10.75,13.75,136
526,Selic,,2023-03-23,2024,10.149,10.0,7.75,13.75,130
527,Selic,,2023-03-23,2025,8.9282,9.0,6.0,11.0,105
528,Selic,,2023-03-23,2026,8.7343,8.875,5.0,11.0,98
529,Selic,,2023-03-23,2027,8.694,8.75,5.0,11.0,90
530,Câmbio,,2023-03-23,2023,5.243,5.259,4.85,5.54,71
531,Câmbio,,2023-03-23,2024,5.2869,5.3,4.5,6.07,67
532,Câmbio,,2023-03-23,2025,5.2766,5.3,4.0,5.94,47
533,Câmbio,,2023-03-23,2026,5.3237,5.4,4.0,6.11,45
534,Câmbio,,2023-03-23,2027,5.3567,5.4,4.0,6.25,41
535,Câmbio,,2023-03-23,2023,5.2272,5.25,4.5,5.6,113
536,Câmbio,,2023-03-23,2024,5.2687,5.3,4.5,6.07,106
537,Câmbio,,2023-03-23,2025,5.2921,5.3,4.0,6.15,78
538,Câmbio,,2023-03-23,2026,5.3332,5.4,4.0,6.5,75
539,Câmbio,,2023-03-23,2027,5.346,5.4,4.0,6.5,70
540,Taxa de desocupação,,2023-03-23,2023,8.8523,8.7,7.28,10.5,39
541,Taxa de desocupação,,2023-03-23,2024,9.1195,9.0,7.8,11.5,29
542,Taxa de desocupação,,2023-03-23,2025,9.097,9.0,7.6,10.5,27
543,Taxa de desocupação,,2023-03-23,2026,9.0655,9.0,7.0,10.5,27
544,Taxa de desocupação,,2023-03-23,2027,9.0686,9.0,7.5,10.5,23
545,Taxa de desocupação,,2023-03-23,2023,8.7667,8.7,7.28,10.5,59
546,Taxa de desocupação,,2023-03-23,2024,8.9484,9.0,7.5,11.5,45
547,Taxa de desocupação,,2023-03-23,2025,8.901,9.0,6.8,10.5,40
548,Taxa de desocupação,,2023-03-23,2026,8.8523,9.0,6.1,10.5,39
549,Taxa de desocupação,,2023-03-23,2027,8.8414,9.0,6.0,10.5,33
550,PIB Despesa de consumo da administração pública,,2023-03-23,2023,1.3146,1.05,0.6,3.5048,14
551,PIB Despesa de consumo da administração pública,,2023-03-23,2024,1.3405,1.25,0.4,2.5859,12
552,PIB Despesa de consumo da administração pública,,2023-03-23,2025,1.581,1.4,0.5,4.51,10
553,PIB Despesa de consumo da administração pública,,2023-03-23,2026,1.3092,1.196,0.5,2.1,10
554,PIB Despesa de consumo da administração pública,,2023-03-23,2027,1.3667,1.3,0.5,2.0,6
555,PIB Despesa de consumo da administração pública,,2023-03-23,2023,1.211,1.05,0.1,3.5048,26
556,PIB Despesa de consumo da administração pública,,2023-03-23,2024,1.2316,1.3,-0.5,3.7,23
557,PIB Despesa de consumo da administração pública,,2023-03-23,2025,1.534,1.7,-0.1,4.51,15
558,PIB Despesa de consumo da administração pública,,2023-03-23,2026,1.3501,1.35,0.4,2.31,14
559,PIB Despesa de consumo da administração pública,,2023-03-23,2027,1.425,1.45,0.5,2.0,8
560,PIB Formação Bruta de Capital Fixo,,2023-03-23,2023,0.9084,0.65,-1.2,3.4,14
561,PIB Formação Bruta de Capital Fixo,,2023-03-23,2024,1.3644,1.35,-2.6,5.0,12
562,PIB Formação Bruta de Capital Fixo,,2023-03-23,2025,2.4152,2.05,-0.4,6.0521,10
563,PIB Formação Bruta de Capital Fixo,,2023-03-23,2026,2.4682,2.3,1.0,5.0,10
564,PIB Formação Bruta de Capital Fixo,,2023-03-23,2027,1.9333,2.0,1.0,3.0,6
565,PIB Formação Bruta de Capital Fixo,,2023-03-23,2023,0.401,0.5,-3.7,3.4,26
566,PIB Formação Bruta de Capital Fixo,,2023-03-23,2024,1.591,1.7,-2.6,5.0,23
567,PIB Formação Bruta de Capital Fixo,,2023-03-23,2025,2.3681,2.1,-0.4,6.0521,15
568,PIB Formação Bruta de Capital Fixo,,2023-03-23,2026,2.5323,2.3,1.0,5.0,14
569,PIB Formação Bruta de Capital Fixo,,2023-03-23,2027,1.825,2.0,1.0,3.0,8
570,PIB Exportação de bens e serviços,,2023-03-23,2023,2.801,2.5,-0.6,5.5,14
571,PIB Exportação de bens e serviços,,2023-03-23,2024,3.006,2.9,2.0,4.5,12
572,PIB Exportação de bens e serviços,,2023-03-23,2025,2.6642,2.4,-0.8,5.5,10
573,PIB Exportação de bens e serviços,,2023-03-23,2026,3.2325,3.05,2.0,5.5,10
574,PIB Exportação de bens e serviços,,2023-03-23,2027,2.8833,2.5,2.0,4.2,6
575,PIB Exportação de bens e serviços,,2023-03-23,2023,2.5761,2.5,-2.0,5.5,26
576,PIB Exportação de bens e serviços,,2023-03-23,2024,2.9339,2.9,1.9,4.5,23
577,PIB Exportação de bens e serviços,,2023-03-23,2025,2.5645,2.5,-0.8,5.5,15
578,PIB Exportação de bens e serviços,,2023-03-23,2026,3.1367,3.0,2.0,5.5,14
579,PIB Exportação de bens e serviços,,2023-03-23,2027,2.85,2.75,2.0,4.2,8
580,PIB Importação de bens e serviços,,2023-03-23,2023,4.3222,2.15,-2.3,17.5108,14
581,PIB Importação de bens e serviços,,2023-03-23,2024,4.7297,4.0,-1.1,18.4569,12
582,PIB Importação de bens e serviços,,2023-03-23,2025,4.1926,4.25,0.7,8.3261,10
583,PIB Importação de bens e serviços,,2023-03-23,2026,3.647,3.8348,0.4,8.2,10
584,PIB Importação de bens e serviços,,2023-03-23,2027,3.4333,2.75,1.0,8.2,6
585,PIB Importação de bens e serviços,,2023-03-23,2023,2.9601,1.85,-3.8,17.5108,26
586,PIB Importação de bens e serviços,,2023-03-23,2024,3.5944,2.9,-1.1,18.4569,23
587,PIB Importação de bens e serviços,,2023-03-23,2025,3.7592,3.2,0.7,8.3261,15
588,PIB Importação de bens e serviços,,2023-03-23,2026,3.4863,3.3848,0.4,8.2,14
589,PIB Importação de bens e serviços,,2023-03-23,2027,3.1375,2.25,1.0,8.2,8
590,IPCA Livres,,2023-03-23,2023,4.8031,4.8529,3.7084,6.1551,70
591,IPCA Livres,,2023-03-23,2024,4.0824,3.9895,2.346,6.0,59
592,IPCA Livres,,2023-03-23,2025,3.8181,3.8,2.7,5.5,39
593,IPCA Livres,,2023-03-23,2026,3.8376,3.75,2.7,5.5,37
594,IPCA Livres,,2023-03-23,2027,3.8699,3.9,2.7,5.5,33
595,IPCA Livres,,2023-03-23,2023,4.8167,4.8527,3.7084,6.1551,87
596,IPCA Livres,,2023-03-23,2024,4.0878,3.9903,2.346,6.0,70
597,IPCA Livres,,2023-03-23,2025,3.7675,3.75,2.7,5.5,47
598,IPCA Livres,,2023-03-23,2026,3.7785,3.58,2.7,5.5,45
599,IPCA Livres,,2023-03-23,2027,3.789,3.52,2.7,5.5,41
600,IPCA Serviços,,2023-03-23,2023,6.2317,6.2463,4.6407,7.5773,68
601,IPCA Serviços,,2023-03-23,2024,4.8405,4.8726,2.43,6.6,57
602,IPCA Serviços,,2023-03-23,2025,4.278,4.4,3.0,6.5,36
603,IPCA Serviços,,2023-03-23,2026,4.1386,4.12,3.0,6.5,35
604,IPCA Serviços,,2023-03-23,2027,4.1002,4.0,3.0,6.5,33
605,IPCA Serviços,,2023-03-23,2023,6.2609,6.2248,4.5,8.3397,80
606,IPCA Serviços,,2023-03-23,2024,4.8457,4.8747,2.43,6.6,63
607,IPCA Serviços,,2023-03-23,2025,4.2848,4.3,3.0,6.5,39
608,IPCA Serviços,,2023-03-23,2026,4.1487,4.06,3.0,6.5,38
609,IPCA Serviços,,2023-03-23,2027,4.1058,4.0,3.0,6.5,36
610,IPCA Bens industrializados,,2023-03-23,2023,3.7373,3.7316,2.0882,6.0051,63
611,IPCA Bens industrializados,,2023-03-23,2024,3.116,3.0353,0.7323,6.37,54
612,IPCA Bens industrializados,,2023-03-23,2025,3.5028,3.5,1.5,5.5,35
613,IPCA Bens industrializados,,2023-03-23,2026,3.5924,3.5,2.0,5.5,34
614,IPCA Bens industrializados,,2023-03-23,2027,3.599,3.5,2.1,5.5,32
615,IPCA Bens industrializados,,2023-03-23,2023,3.7323,3.7314,2.0882,6.0051,76
616,IPCA Bens industrializados,,2023-03-23,2024,3.1352,3.1439,0.7323,6.37,61
617,IPCA Bens industrializados,,2023-03-23,2025,3.4648,3.5,1.5,5.5,39
618,IPCA Bens industrializados,,2023-03-23,2026,3.5387,3.5,2.0,5.5,38
619,IPCA Bens industrializados,,2023-03-23,2027,3.5338,3.5,2.1,5.5,36
620,IPCA Alimentação no domicílio,,2023-03-23,2023,3.4607,3.4522,0.7166,7.4121,66
621,IPCA Alimentação no domicílio,,2023-03-23,2024,4.0572,3.9375,1.5,8.4952,56
622,IPCA Alimentação no domicílio,,2023-03-23,2025,3.7321,3.8,1.9,6.0,37
623,IPCA Alimentação no domicílio,,2023-03-23,2026,3.8134,3.59,2.5,5.5,36
624,IPCA Alimentação no domicílio,,2023-03-23,2027,3.7853,3.66,2.5,5.5,32
625,IPCA Alimentação no domicílio,,2023-03-23,2023,3.5396,3.5857,0.7166,7.4121,79
626,IPCA Alimentação no domicílio,,2023-03-23,2024,4.0553,3.9375,1.5,8.4952,62
627,IPCA Alimentação no domicílio,,2023-03-23,2025,3.7692,3.81,1.9,6.0,40
628,IPCA Alimentação no domicílio,,2023-03-23,2026,3.8536,3.88,2.5,5.5,39
629,IPCA Alimentação no domicílio,,2023-03-23,2027,3.8097,3.7,2.5,5.5,35
630,PIB Despesa de consumo das famílias,,2023-03-23,2023,1.388,1.0162,0.4,4.3,14
631,PIB Despesa de consumo das famílias,,2023-03-23,2024,1.4821,1.5427,0.4,3.0,12
632,PIB Despesa de consumo das famílias,,2023-03-23,2025,1.7694,1.6968,0.4,3.0,10
633,PIB Despesa de consumo das famílias,,2023-03-23,2026,1.8114,1.8,0.8,3.0,10
634,PIB Despesa de consumo das famílias,,2023-03-23,2027,1.8833,1.9,1.5,2.2,6
635,PIB Despesa de consumo das famílias,,2023-03-23,2023,1.2006,1.0,0.4,4.3,26
636,PIB Despesa de consumo das famílias,,2023-03-23,2024,1.4333,1.5,0.4,3.0,23
637,PIB Despesa de consumo das famílias,,2023-03-23,2025,1.7184,1.6,0.4,3.0,15
638,PIB Despesa de consumo das famílias,,2023-03-23,2026,1.779,1.8,0.8,3.0,14
639,PIB Despesa de consumo das famílias,,2023-03-23,2027,1.7875,1.8,1.5,2.2,8
640,Balança comercial,Exportações,2023-03-22,2023,333.6537,330.0,299.7,374.7,15
641,Balança comercial,Exportações,2023-03-22,2024,338.3212,342.0,287.2,382.0,13
642,Balança comercial,Exportações,2023-03-22,2025,342.4696,346.645,301.6,368.2,8
643,Balança comercial,Exportações,2023-03-22,2026,352.5597,347.7888,316.6,387.8,8
644,Balança comercial,Exportações,2023-03-22,2027,364.2993,349.7954,332.5,395.0,7
645,Balança comercial,Exportações,2023-03-22,2023,326.9795,327.2,299.7,374.7,28
646,Balança comercial,Exportações,2023-03-22,2024,331.8421,332.1,285.6,382.0,26
647,Balança comercial,Exportações,2023-03-22,2025,342.0351,350.0,271.3,378.12,15
648,Balança comercial,Exportações,2023-03-22,2026,351.7798,355.0,271.3,387.8,15
649,Balança comercial,Exportações,2023-03-22,2027,359.6658,365.0,271.3,395.0,13
650,Balança comercial,Importações,2023-03-22,2023,282.1479,283.3,244.22,317.0,15
651,Balança comercial,Importações,2023-03-22,2024,287.0465,287.5,238.4,320.2,13
652,Balança comercial,Importações,2023-03-22,2025,287.836,289.8,250.3,320.0,8
653,Balança comercial,Importações,2023-03-22,2026,300.9465,303.05,262.8,345.0,8
654,Balança comercial,Importações,2023-03-22,2027,317.2299,322.3095,276.0,360.0,7
655,Balança comercial,Importações,2023-03-22,2023,273.7717,273.3592,240.0,317.0,28
656,Balança comercial,Importações,2023-03-22,2024,279.4994,282.1771,235.0,320.74,26
657,Balança comercial,Importações,2023-03-22,2025,287.0192,290.0,228.3,330.2,15
658,Balança comercial,Importações,2023-03-22,2026,297.2661,303.2,228.3,345.0,15
659,Balança comercial,Importações,2023-03-22,2027,307.0607,315.0,228.3,360.0,13
660,Balança comercial,Saldo,2023-03-22,2023,51.5058,55.48,32.0,68.0,15
661,Balança comercial,Saldo,2023-03-22,2024,51.2747,50.0,30.0,68.0,13
662,Balança comercial,Saldo,2023-03-22,2025,54.6336,54.75,35.0,67.3986,8
663,Balança comercial,Saldo,2023-03-22,2026,51.6133,51.9,27.766,76.14,8
664,Balança comercial,Saldo,2023-03-22,2027,47.0694,50.0,27.4859,61.1,7
665,Balança comercial,Saldo,2023-03-22,2023,53.3385,55.0,32.0,76.7,29
666,Balança comercial,Saldo,2023-03-22,2024,52.3428,52.44,29.49,89.0,26
667,Balança comercial,Saldo,2023-03-22,2025,55.0159,55.0,35.0,78.0,15
668,Balança comercial,Saldo,2023-03-22,2026,54.5137,53.8,27.766,86.0,15
669,Balança comercial,Saldo,2023-03-22,2027,52.6051,50.0,27.4859,90.0,13
670,Conta corrente,,2023-03-22,2023,-52.4706,-51.544,-63.3,-46.0,14
671,Conta corrente,,2023-03-22,2024,-54.4375,-55.0,-68.6,-40.5,13
672,Conta corrente,,2023-03-22,2025,-50.2575,-50.2,-67.0,-35.9,8
673,Conta corrente,,2023-03-22,2026,-50.4225,-50.89,-69.0,-27.5,8
674,Conta corrente,,2023-03-22,2027,-56.63,-57.0,-72.0,-45.0,6
675,Conta corrente,,2023-03-22,2023,-49.403,-50.0,-63.3,-30.3,29
676,Conta corrente,,2023-03-22,2024,-51.1495,-51.3935,-68.6,-25.0,28
677,Conta corrente,,2023-03-22,2025,-50.7594,-50.2,-72.9,-30.0,18
678,Conta corrente,,2023-03-22,2026,-50.9818,-46.78,-72.9,-23.0,17
679,Conta corrente,,2023-03-22,2027,-55.9669,-59.0,-73.89,-25.0,13
680,Resultado primário,,2023-03-22,2023,-1.0788,-1.0,-2.0,-0.41,25
681,Resultado primário,,2023-03-22,2024,-0.7667,-0.8,-1.7,0.6,24
682,Resultado primário,,2023-03-22,2025,-0.3388,-0.4,-1.6,1.1,17
683,Resultado primário,,2023-03-22,2026,-0.245,-0.25,-1.4,1.0,16
684,Resultado primário,,2023-03-22,2027,-0.1707,-0.2,-1.0,1.5,15
685,Resultado primário,,2023-03-22,2028,0.1379,0.15,-1.09,2.0,14
686,Resultado primário,,2023-03-22,2029,0.26,0.4,-1.16,2.0,14
687,Resultado primário,,2023-03-22,2030,0.3771,0.55,-1.22,2.0,14
688,Resultado primário,,2023-03-22,2031,0.5415,0.7,-1.26,2.0,13
689,Resultado primário,,2023-03-22,2032,0.925,1.05,-0.1,1.8,8
690,Resultado primário,,2023-03-22,2023,-1.0163,-1.0218,-2.0,1.4,42
691,Resultado primário,,2023-03-22,2024,-0.7454,-0.8,-1.7,1.0,38
692,Resultado primário,,2023-03-22,2025,-0.4197,-0.5,-1.7718,1.1,27
693,Resultado primário,,2023-03-22,2026,-0.2973,-0.275,-1.5661,1.0,24
694,Resultado primário,,2023-03-22,2027,-0.1966,0.0,-2.0,1.5,23
695,Resultado primário,,2023-03-22,2028,0.0451,0.06,-1.09,2.0,20
696,Resultado primário,,2023-03-22,2029,0.1688,0.21,-1.16,2.0,20
697,Resultado primário,,2023-03-22,2030,0.2229,0.02,-1.22,2.0,19
698,Resultado primário,,2023-03-22,2031,0.2813,0.02,-1.26,2.0,17
699,Resultado primário,,2023-03-22,2032,0.5808,0.8,-1.0,1.8,11
700,PIB Agropecuária,,2023-03-22,2023,8.1046,8.0,1.7,13.5131,19
701,PIB Agropecuária,,2023-03-22,2024,2.3648,2.3167,-0.66,8.9536,16
702,PIB Agropecuária,,2023-03-22,2025,2.9075,3.0,1.2,6.4895,12
703,PIB Agropecuária,,2023-03-22,2026,2.9548,3.0,1.2,6.3576,12
704,PIB Agropecuária,,2023-03-22,2027,2.55,2.95,1.5,3.0,8
705,PIB Agropecuária,,2023-03-22,2023,6.9715,7.3,1.7,13.5131,35
706,PIB Agropecuária,,2023-03-22,2024,2.3879,2.5,-0.66,8.9536,29
707,PIB Agropecuária,,2023-03-22,2025,2.7964,3.0,1.0,6.4895,19
708,PIB Agropecuária,,2023-03-22,2026,2.9397,3.0,1.2,6.3576,19
709,PIB Agropecuária,,2023-03-22,2027,2.4664,2.73,1.5,3.0,11
710,PIB Indústria,,2023-03-22,2023,-0.0591,0.3,-2.0,1.3,19
711,PIB Indústria,,2023-03-22,2024,0.7757,1.0,-1.4,1.5,16
712,PIB Indústria,,2023-03-22,2025,1.525,1.5,0.8,2.0,12
713,PIB Indústria,,2023-03-22,2026,1.7055,1.65,1.0,2.2,12
714,PIB Indústria,,2023-03-22,2027,1.6375,1.7,1.0,2.2,8
715,PIB Indústria,,2023-03-22,2023,0.0726,0.3,-2.0,1.3,35
716,PIB Indústria,,2023-03-22,2024,1.0334,1.0,-1.4,2.186,29
717,PIB Indústria,,2023-03-22,2025,1.6639,1.5,0.8,3.0,19
718,PIB Indústria,,2023-03-22,2026,1.8401,1.7,1.0,3.0,19
719,PIB Indústria,,2023-03-22,2027,1.6585,1.5,1.0,2.643,11
720,PIB Serviços,,2023-03-22,2023,1.0369,0.9,-0.2392,2.5,19
721,PIB Serviços,,2023-03-22,2024,1.2874,1.5,-0.83,2.13,16
722,PIB Serviços,,2023-03-22,2025,1.2486,1.5,-0.9069,2.0,12
723,PIB Serviços,,2023-03-22,2026,1.8049,1.9,1.3,2.7584,12
724,PIB Serviços,,2023-03-22,2027,1.7625,1.9,1.3,2.0,8
725,PIB Serviços,,2023-03-22,2023,0.923,0.8,-0.2392,2.5,35
726,PIB Serviços,,2023-03-22,2024,1.3652,1.5,-0.83,2.2,29
727,PIB Serviços,,2023-03-22,2025,1.4728,1.5,-0.9069,3.0,19
728,PIB Serviços,,2023-03-22,2026,1.8997,1.94,1.0,3.0,19
729,PIB Serviços,,2023-03-22,2027,1.8177,1.995,1.3,2.5,11
730,PIB Total,,2023-03-22,2023,0.9227,0.9872,-0.359,1.7004,61
731,PIB Total,,2023-03-22,2024,1.1411,1.3033,-0.9552,2.501,56
732,PIB Total,,2023-03-22,2025,1.6518,1.605,0.0,2.5,44
733,PIB Total,,2023-03-22,2026,1.7235,1.5,0.5,3.0,43
734,PIB Total,,2023-03-22,2027,1.7785,1.5,1.0,3.0,33
735,PIB Total,,2023-03-22,2023,0.8736,0.8775,-0.4166,1.7004,108
736,PIB Total,,2023-03-22,2024,1.2756,1.425,-0.9552,2.501,96
737,PIB Total,,2023-03-22,2025,1.7356,1.7,0.0,3.0,75
738,PIB Total,,2023-03-22,2026,1.8088,1.75,0.5,3.0,73
739,PIB Total,,2023-03-22,2027,1.844,1.85,1.0,3.0,46
740,IPCA Administrados,,2023-03-22,2023,9.5535,9.4792,6.5471,12.3549,76
741,IPCA Administrados,,2023-03-22,2024,4.7762,4.5932,1.323,8.0984,66
742,IPCA Administrados,,2023-03-22,2025,4.0332,4.0,0.59,8.34,46
743,IPCA Administrados,,2023-03-22,2026,3.8864,4.0,1.61,5.0,42
744,IPCA Administrados,,2023-03-22,2027,3.9002,4.0,2.23,5.0,40
745,IPCA Administrados,,2023-03-22,2023,9.3068,9.3854,5.2,12.3549,96
746,IPCA Administrados,,2023-03-22,2024,4.6479,4.488,1.323,8.0984,79
747,IPCA Administrados,,2023-03-22,2025,3.9894,4.0,0.59,8.34,52
748,IPCA Administrados,,2023-03-22,2026,3.8273,4.0,1.61,5.0,48
749,IPCA Administrados,,2023-03-22,2027,3.8338,3.9,2.23,5.0,46
750,Investimento direto no país,,2023-03-22,2023,78.5077,80.0,70.0,90.6,13
751,Investimento direto no país,,2023-03-22,2024,76.4025,80.0,60.0,85.0,12
752,Investimento direto no país,,2023-03-22,2025,76.025,75.0,65.9,88.0,8
753,Investimento direto no país,,2023-03-22,2026,76.2875,75.0,65.0,90.0,8
754,Investimento direto no país,,2023-03-22,2027,75.5,72.0,65.0,91.5,7
755,Investimento direto no país,,2023-03-22,2023,78.4048,80.0,70.0,99.0,25
756,Investimento direto no país,,2023-03-22,2024,77.4729,80.0,60.0,102.0,24
757,Investimento direto no país,,2023-03-22,2025,80.6263,80.0,65.9,104.0,16
758,Investimento direto no país,,2023-03-22,2026,80.4267,80.0,65.0,105.0,15
759,Investimento direto no país,,2023-03-22,2027,80.0162,80.0,65.0,105.0,13
760,Resultado nominal,,2023-03-22,2023,-7.6847,-7.9,-9.9,-5.6,15
761,Resultado nominal,,2023-03-22,2024,-7.2036,-7.2,-9.8,-4.7,14
762,Resultado nominal,,2023-03-22,2025,-6.3336,-6.2,-10.0,-3.1,11
763,Resultado nominal,,2023-03-22,2026,-6.105,-5.75,-9.6,-2.9,10
764,Resultado nominal,,2023-03-22,2027,-5.5378,-5.1,-8.0,-2.7,9
765,Resultado nominal,,2023-03-22,2028,-5.3711,-4.8,-8.0,-2.4,9
766,Resultado nominal,,2023-03-22,2029,-5.2256,-4.7,-8.3,-2.2,9
767,Resultado nominal,,2023-03-22,2030,-5.01,-4.7,-8.6,-2.0,9
768,Resultado nominal,,2023-03-22,2031,-4.365,-4.55,-6.7,-1.7,8
769,Resultado nominal,,2023-03-22,2032,-3.7167,-4.1,-5.0,-1.5,6
770,Resultado nominal,,2023-03-22,2023,-7.8315,-7.8,-10.7,-5.6,29
771,Resultado nominal,,2023-03-22,2024,-7.3044,-7.4,-9.8,-4.7,26
772,Resultado nominal,,2023-03-22,2025,-6.4247,-6.4,-10.0,-3.1,19
773,Resultado nominal,,2023-03-22,2026,-6.0953,-6.0,-9.6,-2.9,16
774,Resultado nominal,,2023-03-22,2027,-5.8675,-5.5,-8.0,-2.7,15
775,Resultado nominal,,2023-03-22,2028,-5.5725,-5.3,-8.0,-2.4,13
776,Resultado nominal,,2023-03-22,2029,-5.4398,-5.03,-8.3,-2.2,13
777,Resultado nominal,,2023-03-22,2030,-5.2684,-5.0,-8.6,-2.0,13
778,Resultado nominal,,2023-03-22,2031,-4.8288,-4.96,-6.8,-1.7,12
779,Resultado nominal,,2023-03-22,2032,-4.4975,-4.7,-6.8,-1.5,10
780,Dívida líquida do setor público,,2023-03-22,2023,61.3607,61.3,59.1,64.5,15
781,Dívida líquida do setor público,,2023-03-22,2024,64.4707,64.75,60.2,69.4,14
782,Dívida líquida do setor público,,2023-03-22,2025,66.86,67.35,62.3,72.4,12
783,Dívida líquida do setor público,,2023-03-22,2026,69.1764,70.0,63.7,75.0,11
784,Dívida líquida do setor público,,2023-03-22,2027,70.952,71.2,64.5,76.6,10
785,Dívida líquida do setor público,,2023-03-22,2028,72.433,72.05,65.0,79.5,10
786,Dívida líquida do setor público,,2023-03-22,2029,73.714,73.32,65.7,82.7,10
787,Dívida líquida do setor público,,2023-03-22,2030,74.812,74.86,65.5,85.8,10
788,Dívida líquida do setor público,,2023-03-22,2031,75.646,75.83,64.7,88.8,10
789,Dívida líquida do setor público,,2023-03-22,2032,74.0375,73.15,62.9,91.6,8
790,Dívida líquida do setor público,,2023-03-22,2023,61.1446,61.0,58.0,64.5,28
791,Dívida líquida do setor público,,2023-03-22,2024,64.4489,64.5,60.2,69.4,25
792,Dívida líquida do setor público,,2023-03-22,2025,66.7272,66.9,62.3,72.4,20
793,Dívida líquida do setor público,,2023-03-22,2026,68.6488,68.3,63.7,75.0,17
794,Dívida líquida do setor público,,2023-03-22,2027,70.1638,69.7,64.5,76.6,16
795,Dívida líquida do setor público,,2023-03-22,2028,71.522,71.0,63.0,79.5,15
796,Dívida líquida do setor público,,2023-03-22,2029,72.6133,72.0,60.0,82.7,15
797,Dívida líquida do setor público,,2023-03-22,2030,73.8007,73.72,60.0,85.8,15
798,Dívida líquida do setor público,,2023-03-22,2031,74.8186,75.83,58.0,88.8,14
799,Dívida líquida do setor público,,2023-03-22,2032,73.0545,74.0,57.0,91.6,11
800,Dívida bruta do governo geral,,2023-03-22,2023,77.497,77.3,75.41,80.0,23
801,Dívida bruta do governo geral,,2023-03-22,2024,80.8055,80.6,77.74,85.2,22
802,Dívida bruta do governo geral,,2023-03-22,2025,83.3728,82.165,78.43,90.8,18
803,Dívida bruta do governo geral,,2023-03-22,2026,85.7047,84.8,79.51,95.8,17
804,Dívida bruta do governo geral,,2023-03-22,2027,87.5513,86.375,78.5,99.9,16
805,Dívida bruta do governo geral,,2023-03-22,2028,89.5829,88.7,78.0,102.6,14
806,Dívida bruta do governo geral,,2023-03-22,2029,90.8979,90.15,77.5,104.4,14
807,Dívida bruta do governo geral,,2023-03-22,2030,91.9479,91.3,77.0,105.5,14
808,Dívida bruta do governo geral,,2023-03-22,2031,91.6692,90.15,76.0,106.3,12
809,Dívida bruta do governo geral,,2023-03-22,2032,91.7375,89.6,82.0,106.2,8
810,Dívida bruta do governo geral,,2023-03-22,2023,78.0013,77.7,75.0,83.19,42
811,Dívida bruta do governo geral,,2023-03-22,2024,81.2787,80.85,77.74,89.0,38
812,Dívida bruta do governo geral,,2023-03-22,2025,83.1605,82.165,78.43,90.8,30
813,Dívida bruta do governo geral,,2023-03-22,2026,85.1041,84.7,79.0,95.8,27
814,Dívida bruta do governo geral,,2023-03-22,2027,86.4208,85.625,78.5,99.9,26
815,Dívida bruta do governo geral,,2023-03-22,2028,88.429,88.0,78.0,102.6,21
816,Dívida bruta do governo geral,,2023-03-22,2029,89.8195,90.05,77.5,104.4,20
817,Dívida bruta do governo geral,,2023-03-22,2030,90.625,91.3,77.0,105.5,20
818,Dívida bruta do governo geral,,2023-03-22,2031,91.2488,92.0,76.0,106.3,17
819,Dívida bruta do governo geral,,2023-03-22,2032,90.85,90.75,75.0,106.2,12
820,IGP-M,,2023-03-22,2023,3.9146,3.975,2.5785,6.08,56
821,IGP-M,,2023-03-22,2024,4.4104,4.2616,2.5,9.59,47
822,IGP-M,,2023-03-22,2025,4.1891,4.0,3.0,6.0,43
823,IGP-M,,2023-03-22,2026,4.0534,4.0,2.79,5.5,41
824,IGP-M,,2023-03-22,2027,3.9996,4.0,2.58,5.5,38
825,IGP-M,,2023-03-22,2023,3.9607,4.0734,2.5785,6.08,77
826,IGP-M,,2023-03-22,2024,4.3001,4.2,2.5,9.59,65
827,IGP-M,,2023-03-22,2025,4.1016,4.0,3.0,6.0,56
828,IGP-M,,2023-03-22,2026,4.0214,4.0,2.79,6.0,54
829,IGP-M,,2023-03-22,2027,3.9694,4.0,2.58,5.5,49
830,IPCA,,2023-03-22,2023,5.9432,5.9754,4.7696,7.0784,98
831,IPCA,,2023-03-22,2024,4.1911,4.1769,3.1,5.8189,94
832,IPCA,,2023-03-22,2025,3.9042,4.0,2.0,5.63,83
833,IPCA,,2023-03-22,2026,3.8443,4.0,2.0,5.52,78
834,IPCA,,2023-03-22,2027,3.9144,4.0,3.0,5.5,69
835,IPCA,,2023-03-22,2023,5.9303,5.9545,4.7696,7.0784,145
836,IPCA,,2023-03-22,2024,4.1661,4.0763,3.1,5.8189,138
837,IPCA,,2023-03-22,2025,3.8762,3.9,2.0,5.63,116
838,IPCA,,2023-03-22,2026,3.8318,4.0,2.0,5.52,107
839,IPCA,,2023-03-22,2027,3.8761,4.0,3.0,5.5,94
840,Selic,,2023-03-22,2023,12.6733,12.625,10.75,13.75,88
841,Selic,,2023-03-22,2024,10.1831,10.0,7.75,13.75,86
842,Selic,,2023-03-22,2025,9.0274,9.0,6.0,11.0,73
843,Selic,,2023-03-22,2026,8.7873,9.0,5.0,11.0,67
844,Selic,,2023-03-22,2027,8.7625,9.0,5.0,11.0,60
845,Selic,,2023-03-22,2023,12.7284,12.75,10.75,13.75,136
846,Selic,,2023-03-22,2024,10.149,10.0,7.75,13.75,130
847,Selic,,2023-03-22,2025,8.9568,9.0,6.0,11.0,105
848,Selic,,2023-03-22,2026,8.7598,9.0,5.0,11.0,98
849,Selic,,2023-03-22,2027,8.7107,8.875,5.0,11.0,90
850,Câmbio,,2023-03-22,2023,5.244,5.2545,4.85,5.54,74
851,Câmbio,,2023-03-22,2024,5.2883,5.3,4.5,6.07,70
852,Câmbio,,2023-03-22,2025,5.2795,5.3,4.0,5.94,50
853,Câmbio,,2023-03-22,2026,5.3223,5.4,4.0,6.11,48
854,Câmbio,,2023-03-22,2027,5.3588,5.4,4.0,6.25,43
855,Câmbio,,2023-03-22,2023,5.2274,5.25,4.5,5.6,113
856,Câmbio,,2023-03-22,2024,5.2689,5.3,4.5,6.07,106
857,Câmbio,,2023-03-22,2025,5.2912,5.3,4.0,6.15,78
858,Câmbio,,2023-03-22,2026,5.3322,5.4,4.0,6.5,75
859,Câmbio,,2023-03-22,2027,5.3449,5.4,4.0,6.5,70
860,Taxa de desocupação,,2023-03-22,2023,8.8437,8.7,7.28,10.5,40
861,Taxa de desocupação,,2023-03-22,2024,9.1437,9.0,8.0,11.5,31
862,Taxa de desocupação,,2023-03-22,2025,9.1296,9.03,8.0,10.5,29
863,Taxa de desocupação,,2023-03-22,2026,9.1336,9.15,7.0,10.5,28
864,Taxa de desocupação,,2023-03-22,2027,9.1236,9.0,8.0,10.5,24
865,Taxa de desocupação,,2023-03-22,2023,8.7667,8.7,7.28,10.5,59
866,Taxa de desocupação,,2023-03-22,2024,8.9484,9.0,7.5,11.5,45
867,Taxa de desocupação,,2023-03-22,2025,8.901,9.0,6.8,10.5,40
868,Taxa de desocupação,,2023-03-22,2026,8.8523,9.0,6.1,10.5,39
869,Taxa de desocupação,,2023-03-22,2027,8.8833,9.0,6.0,10.5,32
870,PIB Despesa de consumo da administração pública,,2023-03-22,2023,1.3861,1.15,0.6,3.5048,14
871,PIB Despesa de consumo da administração pública,,2023-03-22,2024,1.4238,1.4,0.4,2.5859,12
872,PIB Despesa de consumo da administração pública,,2023-03-22,2025,1.681,1.6,0.5,4.51,10
873,PIB Despesa de consumo da administração pública,,2023-03-22,2026,1.4092,1.35,0.5,2.1,10
874,PIB Despesa de consumo da administração pública,,2023-03-22,2027,1.3857,1.4,0.5,2.0,7
875,PIB Despesa de consumo da administração pública,,2023-03-22,2023,1.211,1.05,0.1,3.5048,26
876,PIB Despesa de consumo da administração pública,,2023-03-22,2024,1.2316,1.3,-0.5,3.7,23
877,PIB Despesa de consumo da administração pública,,2023-03-22,2025,1.534,1.7,-0.1,4.51,15
878,PIB Despesa de consumo da administração pública,,2023-03-22,2026,1.3501,1.35,0.4,2.31,14
879,PIB Despesa de consumo da administração pública,,2023-03-22,2027,1.425,1.45,0.5,2.0,8
880,PIB Formação Bruta de Capital Fixo,,2023-03-22,2023,0.7869,0.65,-1.5,3.4,14
881,PIB Formação Bruta de Capital Fixo,,2023-03-22,2024,1.0311,1.0,-2.6,3.0,12
882,PIB Formação Bruta de Capital Fixo,,2023-03-22,2025,2.0152,1.75,-0.4,6.0521,10
883,PIB Formação Bruta de Capital Fixo,,2023-03-22,2026,2.0682,2.1,1.0,3.4,10
884,PIB Formação Bruta de Capital Fixo,,2023-03-22,2027,1.8,2.0,1.0,3.0,7
885,PIB Formação Bruta de Capital Fixo,,2023-03-22,2023,0.401,0.5,-3.7,3.4,26
886,PIB Formação Bruta de Capital Fixo,,2023-03-22,2024,1.591,1.7,-2.6,5.0,23
887,PIB Formação Bruta de Capital Fixo,,2023-03-22,2025,2.3681,2.1,-0.4,6.0521,15
888,PIB Formação Bruta de Capital Fixo,,2023-03-22,2026,2.5323,2.3,1.0,5.0,14
889,PIB Formação Bruta de Capital Fixo,,2023-03-22,2027,1.825,2.0,1.0,3.0,8
890,PIB Exportação de bens e serviços,,2023-03-22,2023,2.7653,2.4,-0.6,5.5,14
891,PIB Exportação de bens e serviços,,2023-03-22,2024,2.8393,2.75,2.0,4.1,12
892,PIB Exportação de bens e serviços,,2023-03-22,2025,2.3642,2.4,-0.8,5.0,10
893,PIB Exportação de bens e serviços,,2023-03-22,2026,2.9325,2.75,2.0,4.1,10
894,PIB Exportação de bens e serviços,,2023-03-22,2027,2.8286,2.5,2.0,4.2,7
895,PIB Exportação de bens e serviços,,2023-03-22,2023,2.5761,2.5,-2.0,5.5,26
896,PIB Exportação de bens e serviços,,2023-03-22,2024,2.9339,2.9,1.9,4.5,23
897,PIB Exportação de bens e serviços,,2023-03-22,2025,2.5645,2.5,-0.8,5.5,15
898,PIB Exportação de bens e serviços,,2023-03-22,2026,3.1367,3.0,2.0,5.5,14
899,PIB Exportação de bens e serviços,,2023-03-22,2027,2.85,2.75,2.0,4.2,8
900,PIB Importação de bens e serviços,,2023-03-22,2023,4.3579,2.15,-2.3,17.5108,14
901,PIB Importação de bens e serviços,,2023-03-22,2024,4.4797,3.7,-1.1,18.4569,12
902,PIB Importação de bens e serviços,,2023-03-22,2025,3.9926,3.5,0.7,8.3261,10
903,PIB Importação de bens e serviços,,2023-03-22,2026,3.447,3.3848,0.4,8.2,10
904,PIB Importação de bens e serviços,,2023-03-22,2027,3.3,2.5,1.0,8.2,7
905,PIB Importação de bens e serviços,,2023-03-22,2023,2.9601,1.85,-3.8,17.5108,26
906,PIB Importação de bens e serviços,,2023-03-22,2024,3.5944,2.9,-1.1,18.4569,23
907,PIB Importação de bens e serviços,,2023-03-22,2025,3.7592,3.2,0.7,8.3261,15
908,PIB Importação de bens e serviços,,2023-03-22,2026,3.4863,3.3848,0.4,8.2,14
909,PIB Importação de bens e serviços,,2023-03-22,2027,3.1375,2.25,1.0,8.2,8
910,IPCA Livres,,2023-03-22,2023,4.7948,4.8529,3.7084,6.1551,72
911,IPCA Livres,,2023-03-22,2024,4.0902,3.9903,2.346,6.0,60
912,IPCA Livres,,2023-03-22,2025,3.8047,3.775,2.7,5.5,40
913,IPCA Livres,,2023-03-22,2026,3.8219,3.635,2.7,5.5,38
914,IPCA Livres,,2023-03-22,2027,3.8399,3.8,2.7,5.5,35
915,IPCA Livres,,2023-03-22,2023,4.8216,4.8531,3.7084,6.1551,87
916,IPCA Livres,,2023-03-22,2024,4.0844,3.9903,2.346,6.0,70
917,IPCA Livres,,2023-03-22,2025,3.7566,3.75,2.7,5.5,47
918,IPCA Livres,,2023-03-22,2026,3.7729,3.5,2.7,5.5,45
919,IPCA Livres,,2023-03-22,2027,3.789,3.52,2.7,5.5,41
920,IPCA Serviços,,2023-03-22,2023,6.2402,6.2043,4.6407,7.5773,69
921,IPCA Serviços,,2023-03-22,2024,4.8447,4.8209,2.43,6.6,58
922,IPCA Serviços,,2023-03-22,2025,4.2439,4.25,3.0,6.5,38
923,IPCA Serviços,,2023-03-22,2026,4.1144,4.0,3.0,6.5,37
924,IPCA Serviços,,2023-03-22,2027,4.0682,4.0,3.0,6.5,35
925,IPCA Serviços,,2023-03-22,2023,6.2573,6.2043,4.5,8.3397,80
926,IPCA Serviços,,2023-03-22,2024,4.8335,4.8726,2.43,6.6,63
927,IPCA Serviços,,2023-03-22,2025,4.274,4.3,3.0,6.5,39
928,IPCA Serviços,,2023-03-22,2026,4.1487,4.06,3.0,6.5,38
929,IPCA Serviços,,2023-03-22,2027,4.1058,4.0,3.0,6.5,36
930,IPCA Bens industrializados,,2023-03-22,2023,3.7375,3.7408,2.0882,6.0051,66
931,IPCA Bens industrializados,,2023-03-22,2024,3.1264,3.0973,0.7323,6.37,56
932,IPCA Bens industrializados,,2023-03-22,2025,3.4913,3.5,1.5,5.5,37
933,IPCA Bens industrializados,,2023-03-22,2026,3.5701,3.5,2.0,5.5,36
934,IPCA Bens industrializados,,2023-03-22,2027,3.5667,3.5,2.1,5.5,34
935,IPCA Bens industrializados,,2023-03-22,2023,3.7323,3.7314,2.0882,6.0051,76
936,IPCA Bens industrializados,,2023-03-22,2024,3.1352,3.1439,0.7323,6.37,61
937,IPCA Bens industrializados,,2023-03-22,2025,3.4648,3.5,1.5,5.5,39
938,IPCA Bens industrializados,,2023-03-22,2026,3.5387,3.5,2.0,5.5,38
939,IPCA Bens industrializados,,2023-03-22,2027,3.5338,3.5,2.1,5.5,36
940,IPCA Alimentação no domicílio,,2023-03-22,2023,3.4386,3.4383,0.7166,7.4121,68
941,IPCA Alimentação no domicílio,,2023-03-22,2024,4.0529,3.9188,1.5,8.4952,57
942,IPCA Alimentação no domicílio,,2023-03-22,2025,3.7471,3.8,1.9,6.0,39
943,IPCA Alimentação no domicílio,,2023-03-22,2026,3.8332,3.78,2.5,5.5,38
944,IPCA Alimentação no domicílio,,2023-03-22,2027,3.7855,3.66,2.5,5.5,34
945,IPCA Alimentação no domicílio,,2023-03-22,2023,3.5586,3.5857,0.7166,7.4121,79
946,IPCA Alimentação no domicílio,,2023-03-22,2024,4.0644,3.9561,1.5,8.4952,61
947,IPCA Alimentação no domicílio,,2023-03-22,2025,3.7692,3.81,1.9,6.0,40
948,IPCA Alimentação no domicílio,,2023-03-22,2026,3.8536,3.88,2.5,5.5,39
949,IPCA Alimentação no domicílio,,2023-03-22,2027,3.8097,3.7,2.5,5.5,35
950,PIB Despesa de consumo das famílias,,2023-03-22,2023,1.388,1.0162,0.4,4.3,14
951,PIB Despesa de consumo das famílias,,2023-03-22,2024,1.4238,1.45,0.4,3.0,12
952,PIB Despesa de consumo das famílias,,2023-03-22,2025,1.6194,1.55,0.4,2.3,10
953,PIB Despesa de consumo das famílias,,2023-03-22,2026,1.6614,1.7,0.8,2.2,10
954,PIB Despesa de consumo das famílias,,2023-03-22,2027,1.8286,1.8,1.5,2.2,7
955,PIB Despesa de consumo das famílias,,2023-03-22,2023,1.2006,1.0,0.4,4.3,26
956,PIB Despesa de consumo das famílias,,2023-03-22,2024,1.4333,1.5,0.4,3.0,23
957,PIB Despesa de consumo das famílias,,2023-03-22,2025,1.7184,1.6,0.4,3.0,15
958,PIB Despesa de consumo das famílias,,2023-03-22,2026,1.779,1.8,0.8,3.0,14
959,PIB Despesa de consumo das famílias,,2023-03-22,2027,1.7875,1.8,1.5,2.2,8
960,Balança comercial,Exportações,2023-03-21,2023,331.9172,330.0,299.7,374.7,16
961,Balança comercial,Exportações,2023-03-21,2024,335.129,341.0,287.2,382.0,14
962,Balança comercial,Exportações,2023-03-21,2025,342.4696,346.645,301.6,368.2,8
963,Balança comercial,Exportações,2023-03-21,2026,352.5597,347.7888,316.6,387.8,8
964,Balança comercial,Exportações,2023-03-21,2027,364.2993,349.7954,332.5,395.0,7
965,Balança comercial,Exportações,2023-03-21,2023,326.9795,327.2,299.7,374.7,28
966,Balança comercial,Exportações,2023-03-21,2024,331.8421,332.1,285.6,382.0,26
967,Balança comercial,Exportações,2023-03-21,2025,342.0351,350.0,271.3,378.12,15
968,Balança comercial,Exportações,2023-03-21,2026,351.7798,355.0,271.3,387.8,15
969,Balança comercial,Exportações,2023-03-21,2027,359.6658,365.0,271.3,395.0,13
970,Balança comercial,Importações,2023-03-21,2023,280.4643,279.4,244.22,317.0,16
971,Balança comercial,Importações,2023-03-21,2024,285.4103,286.75,238.4,320.2,14
972,Balança comercial,Importações,2023-03-21,2025,287.836,289.8,250.3,320.0,8
973,Balança comercial,Importações,2023-03-21,2026,300.9465,303.05,262.8,345.0,8
974,Balança comercial,Importações,2023-03-21,2027,317.2299,322.3095,276.0,360.0,7
975,Balança comercial,Importações,2023-03-21,2023,273.7717,273.3592,240.0,317.0,28
976,Balança comercial,Importações,2023-03-21,2024,279.4994,282.1771,235.0,320.74,26
977,Balança comercial,Importações,2023-03-21,2025,287.0192,290.0,228.3,330.2,15
978,Balança comercial,Importações,2023-03-21,2026,297.2661,303.2,228.3,345.0,15
979,Balança comercial,Importações,2023-03-21,2027,307.0607,315.0,228.3,360.0,13
980,Balança comercial,Saldo,2023-03-21,2023,51.453,53.07,32.0,68.0,16
981,Balança comercial,Saldo,2023-03-21,2024,49.7187,49.4,29.49,68.0,14
982,Balança comercial,Saldo,2023-03-21,2025,54.6336,54.75,35.0,67.3986,8
983,Balança comercial,Saldo,2023-03-21,2026,51.6133,51.9,27.766,76.14,8
984,Balança comercial,Saldo,2023-03-21,2027,47.0694,50.0,27.4859,61.1,7
985,Balança comercial,Saldo,2023-03-21,2023,53.3385,55.0,32.0,76.7,29
986,Balança comercial,Saldo,2023-03-21,2024,52.3428,52.44,29.49,89.0,26
987,Balança comercial,Saldo,2023-03-21,2025,55.0159,55.0,35.0,78.0,15
988,Balança comercial,Saldo,2023-03-21,2026,54.5137,53.8,27.766,86.0,15
989,Balança comercial,Saldo,2023-03-21,2027,52.6051,50.0,27.4859,90.0,13
990,Conta corrente,,2023-03-21,2023,-52.1674,-51.544,-63.3,-46.0,16
991,Conta corrente,,2023-03-21,2024,-53.2878,-53.1,-68.6,-40.5,15
992,Conta corrente,,2023-03-21,2025,-48.0067,-50.0,-67.0,-30.0,9
993,Conta corrente,,2023-03-21,2026,-47.3756,-46.78,-69.0,-23.0,9
994,Conta corrente,,2023-03-21,2027,-52.1114,-55.0,-72.0,-25.0,7
995,Conta corrente,,2023-03-21,2023,-49.403,-50.0,-63.3,-30.3,29
996,Conta corrente,,2023-03-21,2024,-51.1495,-51.3935,-68.6,-25.0,28
997,Conta corrente,,2023-03-21,2025,-50.7594,-50.2,-72.9,-30.0,18
998,Conta corrente,,2023-03-21,2026,-50.9818,-46.78,-72.9,-23.0,17
999,Conta corrente,,2023-03-21,2027,-55.9669,-59.0,-73.89,-25.0,13
